stat_id,match_id,player_id,team_id,runs,balls_faced,fours,sixes,wickets,overs,runs_conceded,catches,stumpings,created_at
1,171097,1479191,3571,9,6,0,1,0,0.0,0,0,0,2026-09-02 11:30:45.367
2,171097,22561,3571,38,19,6,2,0,0.0,0,0,0,2026-09-02 11:30:45.380
3,171097,1479197,3571,39,24,2,4,0,0.0,0,0,0,2026-09-02 11:30:45.390
4,171097,1479153,3571,29,27,1,2,0,0.0,0,0,0,2026-09-02 11:30:45.407
5,171097,32856,3571,2,4,0,0,2,4.0,31,0,0,2026-09-02 11:30:45.423
6,171097,1479161,3571,27,20,1,2,0,0.0,0,0,0,2026-09-02 11:30:45.437
7,171097,1479211,3571,1,3,0,0,0,2.0,17,0,0,2026-09-02 11:30:45.450
8,171097,1479177,3571,0,1,0,0,1,3.0,21,0,0,2026-09-02 11:30:45.463
9,171097,1467948,3571,1,5,0,0,2,3.4,36,0,0,2026-09-02 11:30:45.467
10,171097,1479231,3571,12,6,1,1,0,0.0,0,0,0,2026-09-02 11:30:45.467
11,171097,1479221,3571,1,1,0,0,1,3.0,24,0,0,2026-09-02 11:30:45.480
12,171097,11684,3571,0,0,0,0,0,3.0,40,0,0,2026-09-02 11:30:45.483
13,171097,1431875,3591,35,19,3,2,0,2.0,26,0,0,2026-09-02 11:30:45.490
14,171097,1479317,3591,0,0,0,0,0,1.0,17,0,0,2026-09-02 11:30:45.500
15,171097,1479333,3591,0,0,0,0,3,3.0,25,0,0,2026-09-02 11:30:45.503
16,171097,1479307,3591,2,9,0,0,1,3.0,17,0,0,2026-09-02 11:30:45.503
17,171097,36132,3591,3,5,0,0,0,2.0,27,0,0,2026-09-02 11:30:45.503
18,171097,1476493,3591,82,45,8,4,4,4.0,27,0,0,2026-09-02 11:30:45.507
19,171097,1447277,3591,0,2,0,0,2,4.0,25,0,0,2026-09-02 11:30:45.507
20,171097,12452,3591,28,22,4,0,0,0.0,0,0,0,2026-09-02 11:30:45.547
21,171097,1479267,3591,14,6,2,1,0,0.0,0,0,0,2026-09-02 11:30:45.560
22,171097,1479297,3591,0,2,0,0,0,0.0,0,0,0,2026-09-02 11:30:45.560
23,171097,15418,3591,0,3,0,0,0,0.0,0,0,0,2026-09-02 11:30:45.577
24,171097,1447221,3591,0,0,0,0,0,0.0,0,0,0,2026-09-02 11:30:45.633
25,170223,18108,298,46,47,7,1,1,1.0,3,0,0,2026-09-02 11:30:47.490
26,170223,17692,298,30,36,5,0,0,0.0,0,0,0,2026-09-02 11:30:47.513
27,170223,15444,298,84,90,8,1,0,0.0,0,0,0,2026-09-02 11:30:47.513
28,170223,17613,298,53,71,4,0,4,7.3,16,0,0,2026-09-02 11:30:47.517
29,170223,17631,298,12,16,1,0,0,0.0,0,0,0,2026-09-02 11:30:47.520
30,170223,29718,298,3,3,0,0,0,0.0,0,0,0,2026-09-02 11:30:47.540
31,170223,29433,298,0,0,0,0,0,3.0,14,0,0,2026-09-02 11:30:47.540
32,170223,29459,298,0,0,0,0,2,6.0,15,0,0,2026-09-02 11:30:47.543
33,170223,1430018,298,0,0,0,0,3,2.0,4,0,0,2026-09-02 11:30:47.543
34,170223,1479377,298,0,0,0,0,0,3.0,23,0,0,2026-09-02 11:30:47.547
35,170223,15438,298,0,0,0,0,0,5.0,21,0,0,2026-09-02 11:30:47.550
36,170223,1451188,190,6,5,1,0,0,7.0,31,0,0,2026-09-02 11:30:47.550
37,170223,1433321,190,0,1,0,0,2,7.0,32,0,0,2026-09-02 11:30:47.553
38,170223,1452341,190,2,7,0,0,0,5.0,34,0,0,2026-09-02 11:30:47.553
39,170223,1433310,190,7,11,1,0,0,2.0,22,0,0,2026-09-02 11:30:47.557
40,170223,1478811,190,0,7,0,0,1,8.0,56,0,0,2026-09-02 11:30:47.560
41,170223,14013,190,16,17,2,1,0,6.4,33,0,0,2026-09-02 11:30:47.560
42,170223,1450990,190,16,17,2,1,1,8.0,34,0,0,2026-09-02 11:30:47.563
43,170223,1450948,190,1,10,0,0,0,0.0,0,0,0,2026-09-02 11:30:47.580
44,170223,1451179,190,35,56,1,2,0,0.0,0,0,0,2026-09-02 11:30:47.613
45,170223,1478807,190,8,22,0,0,0,0.0,0,0,0,2026-09-02 11:30:47.743
46,170223,1452314,190,2,12,0,0,0,0.0,0,0,0,2026-09-02 11:30:47.750
47,170213,12195,71,15,28,3,0,0,0.0,0,0,0,2026-09-02 11:30:49.617
48,170213,1424104,71,40,40,3,3,0,0.0,0,0,0,2026-09-02 11:30:49.617
49,170213,55753,71,24,35,3,0,0,0.0,0,0,0,2026-09-02 11:30:49.620
50,170213,14006,71,82,98,6,0,0,0.0,0,0,0,2026-09-02 11:30:49.623
51,170213,12163,71,79,87,3,2,1,8.0,37,0,0,2026-09-02 11:30:49.623
52,170213,12108,71,13,9,2,0,1,7.0,41,0,0,2026-09-02 11:30:49.627
53,170213,14004,71,1,3,0,0,0,0.0,0,0,0,2026-09-02 11:30:49.630
54,170213,50468,71,0,1,0,0,0,0.0,0,0,0,2026-09-02 11:30:49.630
55,170213,13242,71,1,1,0,0,5,9.0,34,0,0,2026-09-02 11:30:49.633
56,170213,1469277,71,0,0,0,0,2,5.0,21,0,0,2026-09-02 11:30:49.633
57,170213,1458362,71,0,0,0,0,0,5.0,40,0,0,2026-09-02 11:30:49.637
58,170213,34646,571,4,8,1,0,3,8.0,42,0,0,2026-09-02 11:30:49.640
59,170213,34550,571,0,1,0,0,0,5.0,27,0,0,2026-09-02 11:30:49.640
60,170213,34557,571,16,17,3,0,2,10.0,53,0,0,2026-09-02 11:30:49.643
61,170213,1478847,571,2,12,0,0,0,5.0,35,0,0,2026-09-02 11:30:49.663
62,170213,34562,571,22,50,2,0,0,10.0,43,0,0,2026-09-02 11:30:49.667
63,170213,34639,571,64,29,5,6,3,9.0,47,0,0,2026-09-02 11:30:49.670
64,170213,1479427,571,1,5,0,0,0,3.0,15,0,0,2026-09-02 11:30:49.670
65,170213,17359,571,22,19,4,0,0,0.0,0,0,0,2026-09-02 11:30:49.677
66,170213,1478837,571,1,9,0,0,0,0.0,0,0,0,2026-09-02 11:30:49.680
67,170213,55288,571,18,19,4,0,0,0.0,0,0,0,2026-09-02 11:30:49.680
68,170213,43097,571,17,35,0,1,0,0.0,0,0,0,2026-09-02 11:30:49.700
69,154535,10693,159,0,4,0,0,0,0.0,0,0,0,2026-09-02 11:30:51.657
70,154535,15306,159,13,21,0,0,0,0.0,0,0,0,2026-09-02 11:30:51.660
71,154535,10384,159,16,11,0,2,0,0.0,0,0,0,2026-09-02 11:30:51.707
72,154535,9789,159,111,43,8,9,0,0.0,0,0,0,2026-09-02 11:30:51.710
73,154535,3007,159,6,7,0,0,3,3.0,20,0,0,2026-09-02 11:30:51.710
74,154535,1456809,159,7,4,0,1,0,0.0,0,0,0,2026-09-02 11:30:51.713
75,154535,13646,159,27,7,2,3,0,2.0,29,0,0,2026-09-02 11:30:51.717
76,154535,50458,159,0,0,0,0,1,3.0,36,0,0,2026-09-02 11:30:51.720
77,154535,8651,159,0,0,0,0,1,2.0,20,0,0,2026-09-02 11:30:51.720
78,154535,12678,159,0,0,0,0,1,2.0,26,0,0,2026-09-02 11:30:51.723
79,154535,6667,159,0,0,0,0,1,4.0,38,0,0,2026-09-02 11:30:51.727
80,154535,8435,271,18,11,3,0,1,2.0,11,0,0,2026-09-02 11:30:51.730
81,154535,2276,271,1,2,0,0,1,4.0,25,0,0,2026-09-02 11:30:51.730
82,154535,10928,271,0,0,0,0,1,3.0,55,0,0,2026-09-02 11:30:51.733
83,154535,55799,271,0,0,0,0,1,3.0,18,0,0,2026-09-02 11:30:51.737
84,154535,11211,271,0,3,0,0,0,1.0,16,0,0,2026-09-02 11:30:51.740
85,154535,13750,271,14,13,0,1,0,2.0,40,0,0,2026-09-02 11:30:51.740
86,154535,8433,271,1,4,0,0,0,1.0,18,0,0,2026-09-02 11:30:51.743
87,154535,8085,271,22,18,4,0,0,0.0,0,0,0,2026-09-02 11:30:51.750
88,154535,9406,271,43,16,3,4,0,0.0,0,0,0,2026-09-02 11:30:51.773
89,154535,6734,271,55,24,1,7,0,0.0,0,0,0,2026-09-02 11:30:51.777
90,154535,16414,271,13,5,3,0,0,0.0,0,0,0,2026-09-02 11:30:51.850
91,169813,1449473,329,8,7,2,0,0,0.0,0,0,0,2026-09-02 11:30:54.423
92,169813,35612,329,27,31,4,0,0,0.0,0,0,0,2026-09-02 11:30:54.427
93,169813,13711,329,40,42,2,1,0,0.0,0,0,0,2026-09-02 11:30:54.430
94,169813,11388,329,10,11,1,0,0,0.0,0,0,0,2026-09-02 11:30:54.430
95,169813,38818,329,31,18,3,1,0,2.0,3,0,0,2026-09-02 11:30:54.433
96,169813,11389,329,0,1,0,0,0,0.0,0,0,0,2026-09-02 11:30:54.437
97,169813,11385,329,5,5,0,0,1,3.0,9,0,0,2026-09-02 11:30:54.440
98,169813,35607,329,1,4,0,0,0,2.3,10,0,0,2026-09-02 11:30:54.443
99,169813,11380,329,0,1,0,0,3,4.0,15,0,0,2026-09-02 11:30:54.447
100,169813,31393,329,1,1,0,0,2,3.0,6,0,0,2026-09-02 11:30:54.447
101,169813,15705,329,0,0,0,0,1,3.0,11,0,0,2026-09-02 11:30:54.450
102,169813,18009,484,3,7,0,0,1,3.0,13,0,0,2026-09-02 11:30:54.473
103,169813,33778,484,3,14,0,0,0,3.0,19,0,0,2026-09-02 11:30:54.477
104,169813,50010,484,1,5,0,0,0,4.0,27,0,0,2026-09-02 11:30:54.480
105,169813,39077,484,2,2,0,0,3,4.0,28,0,0,2026-09-02 11:30:54.483
106,169813,1478617,484,1,2,0,0,1,3.0,21,0,0,2026-09-02 11:30:54.483
107,169813,39070,484,9,13,1,0,2,3.0,21,0,0,2026-09-02 11:30:54.487
108,169813,33766,484,12,13,1,0,0,0.0,0,0,0,2026-09-02 11:30:54.490
109,169813,33794,484,9,10,1,0,0,0.0,0,0,0,2026-09-02 11:30:54.493
110,169813,18124,484,2,15,0,0,0,0.0,0,0,0,2026-09-02 11:30:54.533
111,169813,33787,484,4,10,0,0,0,0.0,0,0,0,2026-09-02 11:30:54.553
112,169813,39135,484,7,14,0,0,0,0.0,0,0,0,2026-09-02 11:30:54.557
113,171087,1478917,3601,11,19,2,0,1,3.0,40,0,0,2026-09-02 11:33:23.503
114,171087,1478911,3601,0,1,0,0,0,0.0,0,0,0,2026-09-02 11:33:23.507
115,171087,10947,3601,8,10,1,0,0,0.2,7,0,0,2026-09-02 11:33:23.507
116,171087,1479343,3601,48,37,6,1,0,0.0,0,0,0,2026-09-02 11:33:23.510
117,171087,12337,3601,24,18,3,0,0,0.0,0,0,0,2026-09-02 11:33:23.513
118,171087,14452,3601,39,23,2,3,0,4.0,29,0,0,2026-09-02 11:33:23.513
119,171087,11031,3601,18,5,1,2,0,0.0,0,0,0,2026-09-02 11:33:23.517
120,171087,1463955,3601,0,1,0,0,2,3.0,32,0,0,2026-09-02 11:33:23.520
121,171087,1447245,3601,0,2,0,0,0,3.0,34,0,0,2026-09-02 11:33:23.520
122,171087,1478927,3601,16,4,1,2,0,0.0,0,0,0,2026-09-02 11:33:23.523
123,171087,1478897,3601,0,0,0,0,0,2.0,16,0,0,2026-09-02 11:33:23.527
124,171087,32856,3571,76,45,5,6,3,3.0,33,0,0,2026-09-02 11:33:23.537
125,171087,11684,3571,0,0,0,0,0,4.0,38,0,0,2026-09-02 11:33:23.540
126,171087,1467948,3571,0,0,0,0,3,4.0,29,0,0,2026-09-02 11:33:23.543
127,171087,1479211,3571,0,0,0,0,1,3.0,23,0,0,2026-09-02 11:33:23.547
128,171087,1479167,3571,0,0,0,0,1,3.0,24,0,0,2026-09-02 11:33:23.547
129,171087,1479221,3571,0,0,0,0,0,3.0,26,0,0,2026-09-02 11:33:23.573
130,171087,1479191,3571,0,2,0,0,0,0.0,0,0,0,2026-09-02 11:33:23.577
131,171087,22561,3571,24,10,3,2,0,0.0,0,0,0,2026-09-02 11:33:23.580
132,171087,1479153,3571,17,8,4,0,0,0.0,0,0,0,2026-09-02 11:33:23.600
133,171087,1479161,3571,51,39,4,2,0,0.0,0,0,0,2026-09-02 11:33:23.623
134,171087,1479197,3571,0,0,0,0,0,0.0,0,0,0,2026-09-02 11:33:23.627
135,171087,1479187,3571,0,0,0,0,0,0.0,0,0,0,2026-09-02 11:33:23.670
136,171087,52022,3601,0,0,0,0,0,2.0,22,0,0,2026-09-02 11:33:23.760
137,169991,13957,12,38,22,2,2,0,0.0,0,0,0,2026-09-02 11:33:25.773
138,169991,23616,12,32,21,6,0,2,1.0,8,0,0,2026-09-02 11:33:25.797
139,169991,13415,12,2,3,0,0,0,0.0,0,0,0,2026-09-02 11:33:25.797
140,169991,9354,12,0,1,0,0,1,4.0,31,0,0,2026-09-02 11:33:25.800
141,169991,8454,12,57,32,7,1,0,0.0,0,0,0,2026-09-02 11:33:25.820
142,169991,13451,12,2,6,0,0,0,1.0,9,0,0,2026-09-02 11:33:25.840
143,169991,15877,12,18,11,1,1,0,0.0,0,0,0,2026-09-02 11:33:25.860
144,169991,19592,12,37,25,2,2,3,4.0,41,0,0,2026-09-02 11:33:25.860
145,169991,8460,12,0,0,0,0,1,2.0,25,0,0,2026-09-02 11:33:25.863
146,169991,54385,12,0,0,0,0,0,4.0,37,0,0,2026-09-02 11:33:25.877
147,169991,13316,12,0,0,0,0,1,4.0,39,0,0,2026-09-02 11:33:25.890
148,169991,10769,161,0,0,0,0,1,3.0,27,0,0,2026-09-02 11:33:25.897
149,169991,14431,161,8,6,0,1,0,4.0,38,0,0,2026-09-02 11:33:25.910
150,169991,9885,161,6,2,0,1,1,2.0,27,0,0,2026-09-02 11:33:25.920
151,169991,53954,161,0,2,0,0,0,3.0,28,0,0,2026-09-02 11:33:25.923
152,169991,7973,161,12,8,2,0,3,4.0,46,0,0,2026-09-02 11:33:25.923
153,169991,1463330,161,0,0,0,0,1,4.0,25,0,0,2026-09-02 11:33:25.927
154,169991,20262,161,6,7,1,0,0,0.0,0,0,0,2026-09-02 11:33:25.930
155,169991,8522,161,22,29,2,0,0,0.0,0,0,0,2026-09-02 11:33:25.943
156,169991,13438,161,20,13,3,0,0,0.0,0,0,0,2026-09-02 11:33:25.977
157,169991,9890,161,54,26,7,2,0,0.0,0,0,0,2026-09-02 11:33:26.000
158,169991,53940,161,56,29,3,4,0,0.0,0,0,0,2026-09-02 11:33:26.000
159,171250,29816,188,8,16,1,0,0,0.0,0,0,0,2026-09-02 11:33:27.733
160,171250,1423987,188,4,11,0,0,0,3.0,18,0,0,2026-09-02 11:33:27.733
161,171250,13761,188,58,64,4,0,0,0.0,0,0,0,2026-09-02 11:33:27.737
162,171250,46982,188,12,19,1,0,0,0.0,0,0,0,2026-09-02 11:33:27.757
163,171250,1471176,188,0,3,0,0,0,0.0,0,0,0,2026-09-02 11:33:27.760
164,171250,15387,188,5,12,0,0,0,0.0,0,0,0,2026-09-02 11:33:27.760
165,171250,15383,188,20,50,1,0,0,3.2,22,0,0,2026-09-02 11:33:27.763
166,171250,15382,188,1,2,0,0,0,1.0,7,0,0,2026-09-02 11:33:27.767
167,171250,50355,188,1,1,0,0,1,2.0,21,0,0,2026-09-02 11:33:27.770
168,171250,1461345,188,4,7,0,0,0,3.0,24,0,0,2026-09-02 11:33:27.770
169,171250,13771,188,9,7,1,0,0,4.0,38,0,0,2026-09-02 11:33:27.773
170,171250,38209,389,33,37,3,0,2,7.0,21,0,0,2026-09-02 11:33:27.777
171,171250,1449952,389,0,0,0,0,0,6.0,24,0,0,2026-09-02 11:33:27.777
172,171250,38223,389,0,0,0,0,1,6.0,37,0,0,2026-09-02 11:33:27.780
173,171250,15388,389,0,0,0,0,1,7.0,29,0,0,2026-09-02 11:33:27.780
174,171250,12298,389,0,0,0,0,3,6.0,17,0,0,2026-09-02 11:33:27.783
175,171250,38216,389,8,4,2,0,0,0.0,0,0,0,2026-09-02 11:33:27.810
176,171250,12293,389,70,59,11,0,0,0.0,0,0,0,2026-09-02 11:33:27.830
177,171250,1449981,389,0,0,0,0,0,0.0,0,0,0,2026-09-02 11:33:27.833
178,171250,15390,389,0,0,0,0,0,0.0,0,0,0,2026-09-02 11:33:27.850
179,171250,15391,389,0,0,0,0,0,0.0,0,0,0,2026-09-02 11:33:27.853
180,171250,1478581,389,0,0,0,0,0,0.0,0,0,0,2026-09-02 11:33:27.857
181,171083,53496,3581,9,6,2,0,0,0.0,0,0,0,2026-09-02 11:33:29.967
182,171083,14254,3581,76,42,8,4,0,0.0,0,0,0,2026-09-02 11:33:29.967
183,171083,1479077,3581,0,2,0,0,0,0.4,14,0,0,2026-09-02 11:33:29.970
184,171083,11038,3581,29,22,3,0,0,0.0,0,0,0,2026-09-02 11:33:29.970
185,171083,1479111,3581,13,8,1,1,0,2.0,14,0,0,2026-09-02 11:33:29.973
186,171083,19187,3581,20,15,2,1,0,3.0,39,0,0,2026-09-02 11:33:29.973
187,171083,1479151,3581,5,7,0,0,0,0.0,0,0,0,2026-09-02 11:33:29.973
188,171083,1479067,3581,1,2,0,0,0,2.0,18,0,0,2026-09-02 11:33:29.977
189,171083,1446953,3581,23,12,3,1,1,3.0,26,0,0,2026-09-02 11:33:29.977
190,171083,1431889,3581,5,3,1,0,1,3.0,28,0,0,2026-09-02 11:33:29.980
191,171083,1479091,3581,0,1,0,0,0,2.0,36,0,0,2026-09-02 11:33:29.980
192,171083,13509,3561,51,29,5,3,0,2.0,27,0,0,2026-09-02 11:33:29.980
193,171083,1478971,3561,0,0,0,0,3,4.0,47,0,0,2026-09-02 11:33:29.983
194,171083,24301,3561,0,0,0,0,1,4.0,33,0,0,2026-09-02 11:33:29.983
195,171083,13146,3561,0,0,0,0,2,4.0,29,0,0,2026-09-02 11:33:29.987
196,171083,1479037,3561,0,0,0,0,2,3.4,42,0,0,2026-09-02 11:33:29.987
197,171083,1478967,3561,0,0,0,0,1,2.0,8,0,0,2026-09-02 11:33:29.990
198,171083,1478983,3561,0,5,0,0,0,0.0,0,0,0,2026-09-02 11:33:29.990
199,171083,1430529,3561,103,52,10,5,0,0.0,0,0,0,2026-09-02 11:33:29.993
200,171083,1478977,3561,36,20,6,1,0,0.0,0,0,0,2026-09-02 11:33:29.997
201,171083,1478941,3561,0,0,0,0,0,0.0,0,0,0,2026-09-02 11:33:30.023
202,171083,1479047,3561,0,0,0,0,0,0.0,0,0,0,2026-09-02 11:33:30.027
203,171083,1479137,3581,0,0,0,0,0,2.0,17,0,0,2026-09-02 11:33:30.190
204,170197,22911,7,3,7,0,0,0,0.0,0,0,0,2026-09-02 11:33:32.017
205,170197,1471008,7,92,106,5,4,0,0.0,0,0,0,2026-09-02 11:33:32.020
206,170197,1464045,7,14,25,2,0,1,1.0,9,0,0,2026-09-02 11:33:32.020
207,170197,6322,7,1,7,0,0,0,0.0,0,0,0,2026-09-02 11:33:32.043
208,170197,52666,7,18,42,2,0,1,4.0,30,0,0,2026-09-02 11:33:32.043
209,170197,8351,7,24,43,1,0,1,4.3,26,0,0,2026-09-02 11:33:32.047
210,170197,1464054,7,41,38,6,1,0,0.0,0,0,0,2026-09-02 11:33:32.050
211,170197,23016,7,41,24,2,3,1,7.0,24,0,0,2026-09-02 11:33:32.050
212,170197,1447465,7,18,8,0,2,2,6.0,36,0,0,2026-09-02 11:33:32.053
213,170197,52638,7,0,1,0,0,2,8.0,25,0,0,2026-09-02 11:33:32.053
214,170197,39149,7,0,0,0,0,1,7.0,16,0,0,2026-09-02 11:33:32.057
215,170197,50437,525,6,14,0,0,3,9.0,62,0,0,2026-09-02 11:33:32.060
216,170197,36321,525,0,9,0,0,1,3.0,10,0,0,2026-09-02 11:33:32.077
217,170197,1431377,525,2,6,0,0,2,9.0,60,0,0,2026-09-02 11:33:32.080
218,170197,15832,525,0,4,0,0,2,10.0,44,0,0,2026-09-02 11:33:32.080
219,170197,1449025,525,4,2,1,0,0,9.0,54,0,0,2026-09-02 11:33:32.083
220,170197,1458602,525,2,3,0,0,1,10.0,29,0,0,2026-09-02 11:33:32.087
221,170197,1463438,525,47,70,5,0,0,0.0,0,0,0,2026-09-02 11:33:32.093
222,170197,1468987,525,17,25,3,0,0,0.0,0,0,0,2026-09-02 11:33:32.097
223,170197,15829,525,70,82,9,1,0,0.0,0,0,0,2026-09-02 11:33:32.100
224,170197,1479401,525,3,11,0,0,0,0.0,0,0,0,2026-09-02 11:33:32.117
225,170197,1468976,525,2,2,0,0,0,0.0,0,0,0,2026-09-02 11:33:32.153
226,170203,1433244,543,4,14,1,0,0,0.0,0,0,0,2026-09-02 11:33:33.857
227,170203,24136,543,9,28,1,0,0,0.0,0,0,0,2026-09-02 11:33:33.860
228,170203,17431,543,15,15,2,1,0,0.0,0,0,0,2026-09-02 11:33:33.860
229,170203,34527,543,2,7,0,0,0,0.0,0,0,0,2026-09-02 11:33:33.863
230,170203,1479411,543,13,27,1,0,0,0.0,0,0,0,2026-09-02 11:33:33.867
231,170203,1469284,543,2,3,0,0,0,0.0,0,0,0,2026-09-02 11:33:33.870
232,170203,17494,543,9,21,0,1,3,6.0,20,0,0,2026-09-02 11:33:33.870
233,170203,41725,543,8,58,1,0,0,7.0,27,0,0,2026-09-02 11:33:33.890
234,170203,1450963,543,1,11,0,0,0,1.0,6,0,0,2026-09-02 11:33:33.893
235,170203,34534,543,2,6,0,0,0,3.0,11,0,0,2026-09-02 11:33:33.897
236,170203,41715,543,10,28,0,1,0,4.0,21,0,0,2026-09-02 11:33:33.897
237,170203,10203,72,0,0,0,0,2,8.0,14,0,0,2026-09-02 11:33:33.900
238,170203,52579,72,0,0,0,0,0,4.0,15,0,0,2026-09-02 11:33:33.903
239,170203,13626,72,0,0,0,0,3,6.2,20,0,0,2026-09-02 11:33:33.903
240,170203,11158,72,0,0,0,0,5,10.0,14,0,0,2026-09-02 11:33:33.907
241,170203,11155,72,0,0,0,0,0,6.0,15,0,0,2026-09-02 11:33:33.910
242,170203,20146,72,0,0,0,0,0,2.0,4,0,0,2026-09-02 11:33:33.910
243,170203,22706,72,36,58,5,0,0,0.0,0,0,0,2026-09-02 11:33:33.920
244,170203,12110,72,18,25,2,1,0,0.0,0,0,0,2026-09-02 11:33:33.920
245,170203,22691,72,10,19,1,0,0,0.0,0,0,0,2026-09-02 11:33:33.923
246,170203,11165,72,1,10,0,0,0,0.0,0,0,0,2026-09-02 11:33:33.923
247,170203,12140,72,19,14,1,1,0,0.0,0,0,0,2026-09-02 11:33:33.927
248,169231,1458987,2620,5,4,1,0,0,0.0,0,0,0,2026-09-02 11:33:37.133
249,169231,10893,2620,51,27,7,1,0,0.0,0,0,0,2026-09-02 11:33:37.133
250,169231,1460916,2620,32,29,4,0,0,0.0,0,0,0,2026-09-02 11:33:37.140
251,169231,12619,2620,36,19,2,3,0,1.0,16,0,0,2026-09-02 11:33:37.140
252,169231,1459394,2620,3,6,0,0,1,2.2,23,0,0,2026-09-02 11:33:37.143
253,169231,1458968,2620,13,20,0,0,0,0.0,0,0,0,2026-09-02 11:33:37.147
254,169231,1429626,2620,11,8,0,1,0,0.0,0,0,0,2026-09-02 11:33:37.147
255,169231,53510,2620,18,7,4,0,0,3.0,11,0,0,2026-09-02 11:33:37.150
256,169231,12639,2620,1,2,0,0,0,3.0,34,0,0,2026-09-02 11:33:37.150
257,169231,1458991,2620,0,0,0,0,1,3.0,33,0,0,2026-09-02 11:33:37.153
258,169231,13138,2620,0,0,0,0,1,2.0,27,0,0,2026-09-02 11:33:37.157
259,169231,10913,2590,62,34,5,4,1,3.0,39,0,0,2026-09-02 11:33:37.160
260,169231,1478327,2590,0,0,0,0,0,3.0,26,0,0,2026-09-02 11:33:37.160
261,169231,10373,2590,0,0,0,0,1,4.0,22,0,0,2026-09-02 11:33:37.163
262,169231,19177,2590,0,0,0,0,2,2.0,17,0,0,2026-09-02 11:33:37.163
263,169231,1429732,2590,0,0,0,0,1,2.2,28,0,0,2026-09-02 11:33:37.167
264,169231,1459475,2590,0,0,0,0,3,4.0,17,0,0,2026-09-02 11:33:37.170
265,169231,1459507,2590,0,0,0,0,0,1.4,30,0,0,2026-09-02 11:33:37.170
266,169231,1446957,2590,13,14,1,0,0,0.0,0,0,0,2026-09-02 11:33:37.173
267,169231,1459452,2590,62,41,6,3,0,0.0,0,0,0,2026-09-02 11:33:37.177
268,169231,1429684,2590,33,18,3,3,0,0.0,0,0,0,2026-09-02 11:33:37.193
269,169231,1459288,2590,7,3,0,1,0,0.0,0,0,0,2026-09-02 11:33:37.197
270,169231,1459430,2590,0,0,0,0,0,0.0,0,0,0,2026-09-02 11:33:37.197
271,169231,1458925,2620,0,0,0,0,0,4.0,37,0,0,2026-09-02 11:33:37.400
272,169811,10012,97,19,10,4,0,0,0.0,0,0,0,2026-09-02 11:33:39.183
273,169811,14825,97,64,36,8,3,0,0.0,0,0,0,2026-09-02 11:33:39.187
274,169811,1448809,97,22,18,2,1,0,0.0,0,0,0,2026-09-02 11:33:39.190
275,169811,9082,97,5,9,0,0,0,0.0,0,0,0,2026-09-02 11:33:39.190
276,169811,52925,97,13,14,2,0,0,0.0,0,0,0,2026-09-02 11:33:39.193
277,169811,16208,97,0,1,0,0,0,0.0,0,0,0,2026-09-02 11:33:39.193
278,169811,11098,97,5,7,1,0,3,1.1,0,0,0,2026-09-02 11:33:39.197
279,169811,53030,97,6,5,1,0,0,4.0,11,0,0,2026-09-02 11:33:39.200
280,169811,1448901,97,1,4,0,0,3,4.0,18,0,0,2026-09-02 11:33:39.200
281,169811,41078,97,6,8,0,0,2,3.0,10,0,0,2026-09-02 11:33:39.203
282,169811,1448841,97,15,8,1,1,1,4.0,26,0,0,2026-09-02 11:33:39.207
283,169811,15395,382,6,8,1,0,0,3.0,31,0,0,2026-09-02 11:33:39.207
284,169811,16794,382,0,2,0,0,1,4.0,37,0,0,2026-09-02 11:33:39.210
285,169811,20111,382,0,1,0,0,2,3.0,31,0,0,2026-09-02 11:33:39.230
286,169811,13721,382,0,0,0,0,0,3.0,19,0,0,2026-09-02 11:33:39.233
287,169811,11935,382,6,15,0,0,3,4.0,26,0,0,2026-09-02 11:33:39.237
288,169811,11938,382,5,7,1,0,1,3.0,14,0,0,2026-09-02 11:33:39.240
289,169811,11936,382,4,5,1,0,0,0.0,0,0,0,2026-09-02 11:33:39.243
290,169811,11942,382,41,48,5,0,0,0.0,0,0,0,2026-09-02 11:33:39.267
291,169811,20106,382,1,6,0,0,0,0.0,0,0,0,2026-09-02 11:33:39.270
292,169811,1478501,382,1,3,0,0,0,0.0,0,0,0,2026-09-02 11:33:39.287
293,169811,22001,382,0,2,0,0,0,0.0,0,0,0,2026-09-02 11:33:39.290
294,171080,1431905,3567,45,18,7,2,0,0.0,0,0,0,2026-09-02 11:33:41.127
295,171080,12086,3567,77,26,6,7,1,2.3,37,0,0,2026-09-02 11:33:41.130
296,171080,36139,3567,47,22,1,5,1,1.0,7,0,0,2026-09-02 11:33:41.130
297,171080,1457066,3567,23,13,1,2,0,0.0,0,0,0,2026-09-02 11:33:41.133
298,171080,1431913,3567,18,8,0,2,0,0.0,0,0,0,2026-09-02 11:33:41.137
299,171080,1464571,3567,12,8,0,2,0,0.0,0,0,0,2026-09-02 11:33:41.137
300,171080,1479353,3567,10,12,0,0,0,3.0,44,0,0,2026-09-02 11:33:41.140
301,171080,1478827,3567,2,3,0,0,0,0.0,0,0,0,2026-09-02 11:33:41.140
302,171080,12627,3567,3,8,0,0,1,3.0,43,0,0,2026-09-02 11:33:41.143
303,171080,19183,3567,8,5,0,1,2,4.0,49,0,0,2026-09-02 11:33:41.147
304,171080,1479357,3567,0,1,0,0,0,3.0,47,0,0,2026-09-02 11:33:41.150
305,171080,1463955,3601,0,0,0,0,1,3.5,47,0,0,2026-09-02 11:33:41.150
306,171080,52022,3601,0,0,0,0,0,2.0,48,0,0,2026-09-02 11:33:41.153
307,171080,1478917,3601,0,2,0,0,0,2.0,30,0,0,2026-09-02 11:33:41.157
308,171080,12337,3601,69,40,9,1,1,2.0,27,0,0,2026-09-02 11:33:41.157
309,171080,14452,3601,23,8,2,2,2,4.0,46,0,0,2026-09-02 11:33:41.160
310,171080,1447245,3601,0,0,0,0,3,4.0,38,0,0,2026-09-02 11:33:41.160
311,171080,1478897,3601,0,0,0,0,2,2.0,20,0,0,2026-09-02 11:33:41.163
312,171080,1478911,3601,26,12,1,3,0,0.0,0,0,0,2026-09-02 11:33:41.167
313,171080,10947,3601,133,51,10,12,0,0.0,0,0,0,2026-09-02 11:33:41.183
314,171080,1479343,3601,0,2,0,0,0,0.0,0,0,0,2026-09-02 11:33:41.187
315,171080,11031,3601,5,3,1,0,0,0.0,0,0,0,2026-09-02 11:33:41.220
316,171080,1478927,3601,0,0,0,0,0,0.0,0,0,0,2026-09-02 11:33:41.220
317,171080,1450749,3567,0,0,0,0,0,3.0,35,0,0,2026-09-02 11:33:41.340
318,169293,6642,576,40,30,5,1,0,0.0,0,0,0,2026-09-02 11:33:43.280
319,169293,18987,576,6,5,1,0,0,0.0,0,0,0,2026-09-02 11:33:43.283
320,169293,11130,576,4,5,1,0,0,0.4,3,0,0,2026-09-02 11:33:43.283
321,169293,10713,576,3,6,0,0,0,0.0,0,0,0,2026-09-02 11:33:43.287
322,169293,16119,576,4,6,0,0,0,0.0,0,0,0,2026-09-02 11:33:43.290
323,169293,20241,576,24,24,1,1,0,0.0,0,0,0,2026-09-02 11:33:43.290
324,169293,6329,576,2,3,0,0,3,4.0,27,0,0,2026-09-02 11:33:43.293
325,169293,1593,576,8,12,0,0,0,4.0,20,0,0,2026-09-02 11:33:43.297
326,169293,6647,576,2,5,0,0,1,2.0,32,0,0,2026-09-02 11:33:43.300
327,169293,1463082,576,9,8,0,1,1,1.0,12,0,0,2026-09-02 11:33:43.300
328,169293,11128,576,4,4,1,0,1,2.0,16,0,0,2026-09-02 11:33:43.303
329,169293,8117,574,0,0,0,0,2,3.0,20,0,0,2026-09-02 11:33:43.303
330,169293,9522,574,4,2,0,0,1,3.0,21,0,0,2026-09-02 11:33:43.307
331,169293,9928,574,0,0,0,0,0,4.0,28,0,0,2026-09-02 11:33:43.310
332,169293,23121,574,0,0,0,0,1,1.0,5,0,0,2026-09-02 11:33:43.310
333,169293,10100,574,3,4,0,0,5,4.0,16,0,0,2026-09-02 11:33:43.313
334,169293,7668,574,33,24,4,0,1,3.0,18,0,0,2026-09-02 11:33:43.317
335,169293,36594,574,24,7,3,2,0,0.0,0,0,0,2026-09-02 11:33:43.320
336,169293,11959,574,0,1,0,0,0,0.0,0,0,0,2026-09-02 11:33:43.340
337,169293,31911,574,12,6,0,1,0,0.0,0,0,0,2026-09-02 11:33:43.343
338,169293,6531,574,19,24,0,0,0,0.0,0,0,0,2026-09-02 11:33:43.343
339,169293,13983,574,10,16,1,0,0,0.0,0,0,0,2026-09-02 11:33:43.347
340,170431,1428823,504,14,15,2,0,0,0.0,0,0,0,2026-09-02 11:33:45.330
341,170431,18315,504,1,6,0,0,0,4.0,20,0,0,2026-09-02 11:33:45.330
342,170431,1452800,504,11,17,1,0,2,3.0,7,0,0,2026-09-02 11:33:45.333
343,170431,18325,504,5,5,1,0,0,0.0,0,0,0,2026-09-02 11:33:45.337
344,170431,1476977,504,1,3,0,0,0,0.0,0,0,0,2026-09-02 11:33:45.340
345,170431,27856,504,41,36,4,0,0,0.0,0,0,0,2026-09-02 11:33:45.343
346,170431,18314,504,19,24,0,0,0,0.0,0,0,0,2026-09-02 11:33:45.347
347,170431,45841,504,7,10,0,0,1,2.0,5,0,0,2026-09-02 11:33:45.350
348,170431,45918,504,8,4,1,0,0,3.0,27,0,0,2026-09-02 11:33:45.350
349,170431,1478777,504,0,0,0,0,2,4.0,11,0,0,2026-09-02 11:33:45.353
350,170431,1476967,504,0,0,0,0,1,4.0,8,0,0,2026-09-02 11:33:45.357
351,170431,48885,508,0,0,0,0,1,4.0,27,0,0,2026-09-02 11:33:45.360
352,170431,1478790,508,4,9,0,0,3,4.0,17,0,0,2026-09-02 11:33:45.363
353,170431,1478797,508,26,34,2,0,0,4.0,25,0,0,2026-09-02 11:33:45.367
354,170431,1476261,508,0,0,0,0,0,3.0,21,0,0,2026-09-02 11:33:45.370
355,170431,1425767,508,0,3,0,0,0,1.0,8,0,0,2026-09-02 11:33:45.370
356,170431,48862,508,3,5,0,0,0,3.0,14,0,0,2026-09-02 11:33:45.373
357,170431,1425758,508,12,15,1,0,1,1.0,4,0,0,2026-09-02 11:33:45.377
358,170431,48906,508,12,34,1,0,0,0.0,0,0,0,2026-09-02 11:33:45.417
359,170431,1425792,508,0,4,0,0,0,0.0,0,0,0,2026-09-02 11:33:45.420
360,170431,48913,508,8,12,0,0,0,0.0,0,0,0,2026-09-02 11:33:45.457
361,170431,1452164,508,1,5,0,0,0,0.0,0,0,0,2026-09-02 11:33:45.460
362,169661,34233,1209,59,34,9,1,2,4.0,22,0,0,2026-09-02 11:33:47.370
363,169661,1462500,1209,1,5,0,0,0,0.0,0,0,0,2026-09-02 11:33:47.373
364,169661,34289,1209,3,18,0,0,0,0.0,0,0,0,2026-09-02 11:33:47.377
365,169661,34240,1209,3,4,0,0,0,0.0,0,0,0,2026-09-02 11:33:47.380
366,169661,1478571,1209,6,13,1,0,0,0.0,0,0,0,2026-09-02 11:33:47.380
367,169661,1478821,1209,0,3,0,0,0,0.0,0,0,0,2026-09-02 11:33:47.383
368,169661,47787,1209,3,13,0,0,2,3.0,19,0,0,2026-09-02 11:33:47.387
369,169661,1478683,1209,0,1,0,0,0,0.0,0,0,0,2026-09-02 11:33:47.387
370,169661,1478577,1209,4,21,0,0,0,3.0,31,0,0,2026-09-02 11:33:47.390
371,169661,1478561,1209,5,11,0,0,1,2.0,22,0,0,2026-09-02 11:33:47.393
372,169661,1478640,1209,0,1,0,0,0,3.0,22,0,0,2026-09-02 11:33:47.393
373,169661,45757,902,0,0,0,0,1,4.0,12,0,0,2026-09-02 11:33:47.397
374,169661,45764,902,14,12,1,0,1,4.0,32,0,0,2026-09-02 11:33:47.400
375,169661,1478693,902,0,0,0,0,3,3.0,25,0,0,2026-09-02 11:33:47.400
376,169661,1457999,902,54,36,6,0,2,4.0,25,0,0,2026-09-02 11:33:47.403
377,169661,1458012,902,1,2,0,0,0,1.0,14,0,0,2026-09-02 11:33:47.407
378,169661,1458021,902,0,0,0,0,0,4.0,8,0,0,2026-09-02 11:33:47.410
379,169661,1457990,902,0,3,0,0,0,0.0,0,0,0,2026-09-02 11:33:47.417
380,169661,1457979,902,9,9,1,0,0,0.0,0,0,0,2026-09-02 11:33:47.433
381,169661,45754,902,27,25,2,0,0,0.0,0,0,0,2026-09-02 11:33:47.437
382,169661,1463548,902,3,4,0,0,0,0.0,0,0,0,2026-09-02 11:33:47.453
383,169661,1478691,902,0,0,0,0,0,0.0,0,0,0,2026-09-02 11:33:47.470
384,169283,1424075,572,19,11,2,0,0,0.0,0,0,0,2026-09-02 11:33:50.807
385,169283,2250,572,20,10,1,2,0,0.0,0,0,0,2026-09-02 11:33:50.810
386,169283,13169,572,9,6,0,1,0,0.0,0,0,0,2026-09-02 11:33:50.810
387,169283,13273,572,7,3,1,0,0,0.0,0,0,0,2026-09-02 11:33:50.813
388,169283,18143,572,0,0,0,0,0,0.0,0,0,0,2026-09-02 11:33:50.817
389,169283,13272,572,0,0,0,0,0,0.0,0,0,0,2026-09-02 11:33:50.820
390,169283,1478647,572,0,0,0,0,0,0.0,0,0,0,2026-09-02 11:33:50.823
391,169283,54252,572,0,0,0,0,0,0.0,0,0,0,2026-09-02 11:33:50.827
392,169283,19532,572,0,0,0,0,1,1.0,8,0,0,2026-09-02 11:33:50.830
393,169283,6834,572,0,0,0,0,0,1.5,26,0,0,2026-09-02 11:33:50.830
394,169283,10477,572,0,0,0,0,0,1.0,24,0,0,2026-09-02 11:33:50.833
395,169283,23506,577,0,0,0,0,0,1.0,10,0,0,2026-09-02 11:33:50.837
396,169283,10449,577,0,0,0,0,0,1.0,17,0,0,2026-09-02 11:33:50.840
397,169283,6532,577,0,0,0,0,1,2.0,18,0,0,2026-09-02 11:33:50.843
398,169283,12783,577,0,0,0,0,1,1.0,10,0,0,2026-09-02 11:33:50.843
399,169283,9976,577,19,8,2,1,0,0.0,0,0,0,2026-09-02 11:33:50.850
400,169283,1114,577,25,10,1,3,0,0.0,0,0,0,2026-09-02 11:33:50.850
401,169283,7662,577,11,5,2,0,0,0.0,0,0,0,2026-09-02 11:33:50.853
402,169283,23471,577,0,0,0,0,0,0.0,0,0,0,2026-09-02 11:33:50.857
403,169283,6349,577,0,0,0,0,0,0.0,0,0,0,2026-09-02 11:33:50.860
404,169283,11131,577,0,0,0,0,0,0.0,0,0,0,2026-09-02 11:33:50.863
405,169283,28297,577,0,0,0,0,0,0.0,0,0,0,2026-09-02 11:33:50.937
406,170667,18142,268,5,40,1,0,0,0.0,0,0,0,2026-09-02 11:33:52.807
407,170667,10687,268,9,32,0,0,0,0.0,0,0,0,2026-09-02 11:33:52.810
408,170667,10973,268,0,0,0,0,0,0.0,0,0,0,2026-09-02 11:33:52.810
409,170667,12188,268,0,0,0,0,0,8.0,21,0,0,2026-09-02 11:33:52.813
410,170667,13667,268,0,0,0,0,0,0.0,0,0,0,2026-09-02 11:33:52.817
411,170667,22051,268,0,0,0,0,0,0.0,0,0,0,2026-09-02 11:33:52.820
412,170667,14566,268,0,0,0,0,0,20.0,46,0,0,2026-09-02 11:33:52.820
413,170667,12223,268,0,0,0,0,4,59.0,239,0,0,2026-09-02 11:33:52.823
414,170667,23341,268,0,0,0,0,1,25.0,92,0,0,2026-09-02 11:33:52.823
415,170667,10798,268,0,0,0,0,1,54.2,214,0,0,2026-09-02 11:33:52.827
416,170667,10679,268,0,0,0,0,2,25.0,63,0,0,2026-09-02 11:33:52.830
417,170667,11084,288,87,171,10,1,0,12.0,71,0,0,2026-09-02 11:33:52.830
418,170667,22781,288,0,0,0,0,1,16.0,75,0,0,2026-09-02 11:33:52.833
419,170667,18588,288,31,110,4,2,2,18.0,79,0,0,2026-09-02 11:33:52.837
420,170667,15535,288,11,30,1,1,0,6.0,6,0,0,2026-09-02 11:33:52.840
421,170667,12081,288,16,27,2,0,0,6.0,8,0,0,2026-09-02 11:33:52.840
422,170667,11984,288,29,54,5,0,0,2.0,11,0,0,2026-09-02 11:33:52.843
423,170667,14273,288,9,14,2,0,0,0.0,0,0,0,2026-09-02 11:33:52.847
424,170667,13281,288,34,81,4,0,0,0.0,0,0,0,2026-09-02 11:33:52.847
425,170667,15273,288,5,18,1,0,0,0.0,0,0,0,2026-09-02 11:33:52.850
426,170667,13223,288,350,481,27,10,0,0.0,0,0,0,2026-09-02 11:33:52.850
427,170667,11088,288,94,168,11,3,0,0.0,0,0,0,2026-09-02 11:33:52.870
428,169660,48403,1055,23,32,2,0,0,0.0,0,0,0,2026-09-02 11:33:56.373
429,169660,34200,1055,1,5,0,0,0,0.0,0,0,0,2026-09-02 11:33:56.377
430,169660,34172,1055,0,1,0,0,0,0.0,0,0,0,2026-09-02 11:33:56.380
431,169660,34193,1055,12,17,2,0,0,4.0,14,0,0,2026-09-02 11:33:56.383
432,169660,1429084,1055,0,2,0,0,1,4.0,18,0,0,2026-09-02 11:33:56.387
433,169660,49044,1055,0,1,0,0,0,1.0,5,0,0,2026-09-02 11:33:56.390
434,169660,1462301,1055,3,4,0,0,0,0.4,5,0,0,2026-09-02 11:33:56.393
435,169660,42936,1055,2,9,0,0,0,0.0,0,0,0,2026-09-02 11:33:56.420
436,169660,1429070,1055,13,17,0,0,0,0.0,0,0,0,2026-09-02 11:33:56.423
437,169660,1429075,1055,6,9,1,0,1,3.0,12,0,0,2026-09-02 11:33:56.427
438,169660,34219,1055,1,9,0,0,1,4.0,27,0,0,2026-09-02 11:33:56.430
439,169660,25385,775,0,0,0,0,1,3.0,16,0,0,2026-09-02 11:33:56.433
440,169660,29559,775,12,8,2,0,1,4.0,18,0,0,2026-09-02 11:33:56.437
441,169660,18279,775,14,28,1,0,2,2.3,10,0,0,2026-09-02 11:33:56.440
442,169660,18239,775,25,15,3,1,4,4.0,14,0,0,2026-09-02 11:33:56.443
443,169660,43384,775,1,4,0,0,2,3.0,15,0,0,2026-09-02 11:33:56.447
444,169660,47623,775,22,46,1,0,0,1.0,8,0,0,2026-09-02 11:33:56.450
445,169660,25392,775,0,0,0,0,0,0.0,0,0,0,2026-09-02 11:33:56.567
446,169660,49515,775,0,0,0,0,0,0.0,0,0,0,2026-09-02 11:33:56.593
447,169660,1430801,775,0,0,0,0,0,0.0,0,0,0,2026-09-02 11:33:56.597
448,169660,1478651,775,0,0,0,0,0,0.0,0,0,0,2026-09-02 11:33:56.597
449,169660,1478787,775,0,0,0,0,0,0.0,0,0,0,2026-09-02 11:33:56.600
450,163043,32833,237,41,89,4,0,0,0.0,0,0,0,2026-09-02 11:33:58.470
451,163043,13388,237,8,21,1,0,0,0.0,0,0,0,2026-09-02 11:33:58.473
452,163043,13111,237,2,13,0,0,0,0.0,0,0,0,2026-09-02 11:33:58.477
453,163043,10636,237,5,19,1,0,0,0.0,0,0,0,2026-09-02 11:33:58.480
454,163043,13912,237,5,5,1,0,0,0.0,0,0,0,2026-09-02 11:33:58.483
455,163043,10896,237,20,32,2,0,0,0.0,0,0,0,2026-09-02 11:33:58.487
456,163043,14695,237,24,51,3,0,4,14.0,53,0,0,2026-09-02 11:33:58.490
457,163043,10285,237,1,7,0,0,1,11.3,45,0,0,2026-09-02 11:33:58.490
458,163043,54686,237,10,23,1,0,0,8.0,26,0,0,2026-09-02 11:33:58.497
459,163043,18637,237,25,36,2,1,0,4.0,30,0,0,2026-09-02 11:33:58.497
460,163043,12096,237,4,14,0,0,1,6.0,37,0,0,2026-09-02 11:33:58.500
461,163043,7909,235,8,5,2,0,3,16.0,56,0,0,2026-09-02 11:33:58.503
462,163043,10754,235,0,0,0,0,4,12.0,44,0,0,2026-09-02 11:33:58.507
463,163043,10252,235,0,0,0,0,1,9.0,18,0,0,2026-09-02 11:33:58.510
464,163043,12344,235,0,1,0,0,1,7.2,23,0,0,2026-09-02 11:33:58.513
465,163043,1467783,235,0,0,0,0,1,6.0,14,0,0,2026-09-02 11:33:58.517
466,163043,9716,235,24,55,0,1,0,0.0,0,0,0,2026-09-02 11:33:58.520
467,163043,51791,235,40,43,3,2,0,0.0,0,0,0,2026-09-02 11:33:58.523
468,163043,15779,235,22,40,2,0,0,0.0,0,0,0,2026-09-02 11:33:58.527
469,163043,18133,235,14,16,1,0,0,0.0,0,0,0,2026-09-02 11:33:58.530
470,163043,10213,235,12,36,1,0,0,0.0,0,0,0,2026-09-02 11:33:58.530
471,163043,10276,235,39,41,4,1,0,0.0,0,0,0,2026-09-02 11:33:58.533
472,163047,14467,233,4,27,0,0,0,0.1,4,0,0,2026-09-02 11:34:01.407
473,163047,1429674,233,76,148,8,0,0,0.0,0,0,0,2026-09-02 11:34:01.410
474,163047,1449529,233,52,76,5,0,0,2.0,7,0,0,2026-09-02 11:34:01.413
475,163047,13907,233,31,37,4,0,0,2.0,11,0,0,2026-09-02 11:34:01.413
476,163047,14628,233,14,11,0,2,0,0.0,0,0,0,2026-09-02 11:34:01.417
477,163047,14507,233,14,14,1,1,0,0.0,0,0,0,2026-09-02 11:34:01.420
478,163047,22576,233,35,72,2,1,0,4.0,15,0,0,2026-09-02 11:34:01.423
479,163047,15528,233,1,6,0,0,2,16.0,55,0,0,2026-09-02 11:34:01.427
480,163047,14598,233,36,29,4,2,0,5.0,22,0,0,2026-09-02 11:34:01.430
481,163047,22141,233,7,7,0,1,1,7.0,22,0,0,2026-09-02 11:34:01.430
482,163047,13217,233,12,9,1,1,0,7.0,34,0,0,2026-09-02 11:34:01.433
483,163047,13977,236,0,0,0,0,1,12.1,25,0,0,2026-09-02 11:34:01.437
484,163047,10315,236,0,0,0,0,5,16.3,56,0,0,2026-09-02 11:34:01.440
485,163047,12335,236,0,0,0,0,0,11.0,50,0,0,2026-09-02 11:34:01.443
486,163047,22376,236,0,0,0,0,2,11.0,57,0,0,2026-09-02 11:34:01.447
487,163047,9746,236,0,0,0,0,2,20.0,86,0,0,2026-09-02 11:34:01.447
488,163047,9425,236,42,53,7,0,0,0.0,0,0,0,2026-09-02 11:34:01.460
489,163047,11675,236,43,83,5,0,0,0.0,0,0,0,2026-09-02 11:34:01.460
490,163047,22571,236,1,3,0,0,0,0.0,0,0,0,2026-09-02 11:34:01.463
491,163047,14504,236,51,79,8,0,0,2.0,11,0,0,2026-09-02 11:34:01.467
492,163047,29130,236,32,42,4,1,0,0.0,0,0,0,2026-09-02 11:34:01.470
493,163047,1431953,236,0,0,0,0,0,0.0,0,0,0,2026-09-02 11:34:01.470
494,170177,1463113,304,2,6,0,0,0,0.0,0,0,0,2026-09-02 11:34:03.857
495,170177,10453,304,4,2,1,0,0,0.0,0,0,0,2026-09-02 11:34:03.860
496,170177,1428535,304,9,31,0,0,1,5.3,31,0,0,2026-09-02 11:34:03.863
497,170177,1431481,304,50,60,5,1,0,0.0,0,0,0,2026-09-02 11:34:03.863
498,170177,1451065,304,71,80,10,0,0,0.0,0,0,0,2026-09-02 11:34:03.867
499,170177,1449033,304,88,56,9,3,0,0.0,0,0,0,2026-09-02 11:34:03.870
500,170177,1451038,304,8,22,0,0,1,5.0,17,0,0,2026-09-02 11:34:03.870
501,170177,14576,304,29,25,3,0,0,9.0,40,0,0,2026-09-02 11:34:03.873
502,170177,1450984,304,18,13,2,1,3,7.0,29,0,0,2026-09-02 11:34:03.920
503,170177,1462749,304,2,3,0,0,0,6.0,29,0,0,2026-09-02 11:34:03.920
504,170177,50383,304,6,3,1,0,3,10.0,35,0,0,2026-09-02 11:34:03.923
505,170177,1451188,190,16,25,2,0,3,10.0,64,0,0,2026-09-02 11:34:03.923
506,170177,1433321,190,23,13,2,2,1,7.0,29,0,0,2026-09-02 11:34:03.927
507,170177,1452341,190,0,2,0,0,2,8.0,47,0,0,2026-09-02 11:34:03.930
508,170177,1452323,190,5,22,0,0,1,10.0,59,0,0,2026-09-02 11:34:03.930
509,170177,1478811,190,3,6,0,0,0,5.0,47,0,0,2026-09-02 11:34:03.933
510,170177,1450990,190,30,16,5,1,1,4.0,21,0,0,2026-09-02 11:34:03.933
511,170177,14013,190,49,56,3,0,0,2.0,14,0,0,2026-09-02 11:34:03.937
512,170177,1433310,190,26,43,2,1,1,4.0,31,0,0,2026-09-02 11:34:03.940
513,170177,1451179,190,0,8,0,0,0,0.0,0,0,0,2026-09-02 11:34:03.980
514,170177,1478807,190,12,26,1,0,0,0.0,0,0,0,2026-09-02 11:34:04.010
515,170177,1452314,190,10,38,0,0,0,0.0,0,0,0,2026-09-02 11:34:04.010
516,170187,10035,8,64,68,7,2,0,1.0,3,0,0,2026-09-02 11:34:06.013
517,170187,13562,8,5,9,1,0,0,0.0,0,0,0,2026-09-02 11:34:06.013
518,170187,9979,8,73,89,7,3,0,0.0,0,0,0,2026-09-02 11:34:06.017
519,170187,9981,8,12,30,1,0,0,2.0,12,0,0,2026-09-02 11:34:06.020
520,170187,13552,8,10,14,0,0,0,0.0,0,0,0,2026-09-02 11:34:06.020
521,170187,13554,8,54,44,6,2,3,10.0,53,0,0,2026-09-02 11:34:06.023
522,170187,11479,8,18,21,2,0,0,0.0,0,0,0,2026-09-02 11:34:06.023
523,170187,9975,8,9,8,0,0,2,8.2,38,0,0,2026-09-02 11:34:06.027
524,170187,11485,8,1,2,0,0,1,10.0,46,0,0,2026-09-02 11:34:06.030
525,170187,14399,8,1,4,0,0,1,10.0,43,0,0,2026-09-02 11:34:06.030
526,170187,28220,8,1,6,0,0,2,8.0,58,0,0,2026-09-02 11:34:06.033
527,170187,34550,571,0,0,0,0,1,6.0,45,0,0,2026-09-02 11:34:06.033
528,170187,34646,571,1,3,0,0,2,7.5,35,0,0,2026-09-02 11:34:06.037
529,170187,34639,571,16,19,0,1,3,8.0,53,0,0,2026-09-02 11:34:06.040
530,170187,34557,571,17,12,0,1,2,10.0,60,0,0,2026-09-02 11:34:06.040
531,170187,1478847,571,2,4,0,0,1,7.0,45,0,0,2026-09-02 11:34:06.043
532,170187,34562,571,50,81,4,0,1,10.0,25,0,0,2026-09-02 11:34:06.043
533,170187,17359,571,8,17,0,1,0,0.0,0,0,0,2026-09-02 11:34:06.047
534,170187,17368,571,50,35,8,2,0,0.0,0,0,0,2026-09-02 11:34:06.050
535,170187,55288,571,32,44,5,0,0,0.0,0,0,0,2026-09-02 11:34:06.050
536,170187,43097,571,54,64,3,2,0,0.0,0,0,0,2026-09-02 11:34:06.067
537,170187,1478837,571,12,17,0,1,0,0.0,0,0,0,2026-09-02 11:34:06.070
538,154513,8085,271,52,42,3,3,0,0.0,0,0,0,2026-09-02 11:34:07.843
539,154513,2276,271,53,24,6,3,0,2.4,20,0,0,2026-09-02 11:34:07.847
540,154513,9406,271,60,37,5,3,0,0.0,0,0,0,2026-09-02 11:34:07.850
541,154513,657,271,0,1,0,0,0,0.0,0,0,0,2026-09-02 11:34:07.850
542,154513,46681,271,0,4,0,0,0,0.0,0,0,0,2026-09-02 11:34:07.853
543,154513,6734,271,5,9,0,0,0,0.0,0,0,0,2026-09-02 11:34:07.853
544,154513,11211,271,0,1,0,0,2,4.0,30,0,0,2026-09-02 11:34:07.857
545,154513,13750,271,4,2,1,0,0,1.0,8,0,0,2026-09-02 11:34:07.860
546,154513,8435,271,0,0,0,0,0,2.0,16,0,0,2026-09-02 11:34:07.860
547,154513,1477381,271,0,0,0,0,0,2.0,20,0,0,2026-09-02 11:34:07.863
548,154513,55799,271,0,0,0,0,1,3.0,28,0,0,2026-09-02 11:34:07.867
549,154513,1429041,3208,0,0,0,0,0,3.0,15,0,0,2026-09-02 11:34:07.870
550,154513,14241,3208,24,18,0,1,0,4.0,37,0,0,2026-09-02 11:34:07.870
551,154513,11214,3208,0,0,0,0,1,3.0,46,0,0,2026-09-02 11:34:07.873
552,154513,55092,3208,0,0,0,0,2,4.0,27,0,0,2026-09-02 11:34:07.877
553,154513,11215,3208,0,0,0,0,0,2.0,26,0,0,2026-09-02 11:34:07.877
554,154513,1467499,3208,0,0,0,0,3,4.0,29,0,0,2026-09-02 11:34:07.880
555,154513,22816,3208,12,10,3,0,0,0.0,0,0,0,2026-09-02 11:34:07.880
556,154513,15814,3208,30,25,4,1,0,0.0,0,0,0,2026-09-02 11:34:07.883
557,154513,11217,3208,42,33,5,0,0,0.0,0,0,0,2026-09-02 11:34:07.887
558,154513,11445,3208,5,2,1,0,0,0.0,0,0,0,2026-09-02 11:34:07.910
559,154513,19013,3208,0,0,0,0,0,0.0,0,0,0,2026-09-02 11:34:07.910
560,169807,13816,449,18,24,2,0,0,2.5,25,0,0,2026-09-02 11:34:09.697
561,169807,24713,449,0,2,0,0,0,0.0,0,0,0,2026-09-02 11:34:09.697
562,169807,25058,449,3,11,0,0,0,0.0,0,0,0,2026-09-02 11:34:09.700
563,169807,13817,449,10,18,0,0,0,0.0,0,0,0,2026-09-02 11:34:09.700
564,169807,25049,449,17,25,2,0,0,1.0,15,0,0,2026-09-02 11:34:09.703
565,169807,30588,449,15,16,2,0,0,0.0,0,0,0,2026-09-02 11:34:09.707
566,169807,1472962,449,3,9,0,0,0,0.0,0,0,0,2026-09-02 11:34:09.710
567,169807,25072,449,4,8,0,0,0,0.0,0,0,0,2026-09-02 11:34:09.710
568,169807,1452587,449,4,2,1,0,0,1.0,12,0,0,2026-09-02 11:34:09.713
569,169807,25079,449,2,2,0,0,0,2.0,15,0,0,2026-09-02 11:34:09.713
570,169807,25065,449,1,2,0,0,0,1.0,12,0,0,2026-09-02 11:34:09.717
571,169807,1468787,258,0,0,0,0,3,3.5,14,0,0,2026-09-02 11:34:09.720
572,169807,1451047,258,0,0,0,0,3,4.0,16,0,0,2026-09-02 11:34:09.720
573,169807,11354,258,0,0,0,0,2,4.0,18,0,0,2026-09-02 11:34:09.723
574,169807,1450150,258,0,0,0,0,0,3.0,12,0,0,2026-09-02 11:34:09.727
575,169807,9149,258,48,25,7,2,1,3.0,10,0,0,2026-09-02 11:34:09.727
576,169807,13665,258,0,0,0,0,1,2.0,9,0,0,2026-09-02 11:34:09.730
577,169807,21791,258,25,18,5,0,0,0.0,0,0,0,2026-09-02 11:34:09.733
578,169807,1450123,258,5,4,0,0,0,0.0,0,0,0,2026-09-02 11:34:09.750
579,169807,11350,258,0,0,0,0,0,0.0,0,0,0,2026-09-02 11:34:09.750
580,169807,27361,258,0,0,0,0,0,0.0,0,0,0,2026-09-02 11:34:09.770
581,169807,10006,258,0,0,0,0,0,0.0,0,0,0,2026-09-02 11:34:09.770
582,169273,23471,577,14,16,1,0,0,0.0,0,0,0,2026-09-02 11:34:11.743
583,169273,9838,577,41,29,4,1,0,0.0,0,0,0,2026-09-02 11:34:11.747
584,169273,28297,577,30,28,2,1,0,0.0,0,0,0,2026-09-02 11:34:11.747
585,169273,11131,577,0,1,0,0,0,0.0,0,0,0,2026-09-02 11:34:11.750
586,169273,9976,577,29,21,3,1,0,0.0,0,0,0,2026-09-02 11:34:11.750
587,169273,7662,577,7,5,1,0,0,0.0,0,0,0,2026-09-02 11:34:11.753
588,169273,6532,577,14,10,0,1,0,0.0,0,0,0,2026-09-02 11:34:11.757
589,169273,10449,577,5,8,0,0,0,1.0,5,0,0,2026-09-02 11:34:11.757
590,169273,12783,577,1,1,0,0,0,0.0,0,0,0,2026-09-02 11:34:11.760
591,169273,23506,577,1,1,0,0,0,0.0,0,0,0,2026-09-02 11:34:11.760
592,169273,9748,577,0,0,0,0,0,0.0,0,0,0,2026-09-02 11:34:11.763
593,169273,1475178,573,0,0,0,0,0,4.0,43,0,0,2026-09-02 11:34:11.767
594,169273,8589,573,0,0,0,0,3,4.0,40,0,0,2026-09-02 11:34:11.767
595,169273,14500,573,0,0,0,0,0,2.0,14,0,0,2026-09-02 11:34:11.770
596,169273,11427,573,0,0,0,0,5,4.0,11,0,0,2026-09-02 11:34:11.773
597,169273,23896,573,0,0,0,0,0,1.0,8,0,0,2026-09-02 11:34:11.773
598,169273,1669,573,0,0,0,0,0,4.0,22,0,0,2026-09-02 11:34:11.777
599,169273,12612,573,0,0,0,0,0,1.0,11,0,0,2026-09-02 11:34:11.780
600,169273,45659,573,1,3,0,0,0,0.0,0,0,0,2026-09-02 11:34:11.787
601,169273,7825,573,4,3,1,0,0,0.0,0,0,0,2026-09-02 11:34:11.790
602,169273,9453,573,0,0,0,0,0,0.0,0,0,0,2026-09-02 11:34:11.790
603,169273,10209,573,0,0,0,0,0,0.0,0,0,0,2026-09-02 11:34:11.793
604,169651,34233,1209,123,64,16,4,1,4.0,11,0,0,2026-09-02 11:34:13.583
605,169651,34240,1209,1,3,0,0,0,0.0,0,0,0,2026-09-02 11:34:13.583
606,169651,34289,1209,3,11,0,0,0,0.0,0,0,0,2026-09-02 11:34:13.587
607,169651,1452155,1209,0,4,0,0,0,2.0,11,0,0,2026-09-02 11:34:13.590
608,169651,1462500,1209,6,10,1,0,0,0.0,0,0,0,2026-09-02 11:34:13.590
609,169651,1478571,1209,5,9,0,0,0,0.0,0,0,0,2026-09-02 11:34:13.593
610,169651,1478821,1209,0,0,0,0,0,0.0,0,0,0,2026-09-02 11:34:13.597
611,169651,47787,1209,9,20,0,0,1,4.0,32,0,0,2026-09-02 11:34:13.597
612,169651,1478640,1209,0,0,0,0,3,3.0,9,0,0,2026-09-02 11:34:13.600
613,169651,1478577,1209,0,0,0,0,0,3.0,28,0,0,2026-09-02 11:34:13.600
614,169651,1478561,1209,0,0,0,0,1,4.0,30,0,0,2026-09-02 11:34:13.603
615,169651,1429084,1055,0,0,0,0,1,2.0,19,0,0,2026-09-02 11:34:13.607
616,169651,1429075,1055,7,11,0,0,0,3.0,31,0,0,2026-09-02 11:34:13.607
617,169651,34193,1055,19,16,2,0,1,2.0,12,0,0,2026-09-02 11:34:13.610
618,169651,34219,1055,11,13,0,0,2,4.0,22,0,0,2026-09-02 11:34:13.610
619,169651,49044,1055,0,0,0,0,1,4.0,30,0,0,2026-09-02 11:34:13.613
620,169651,34212,1055,0,5,0,0,0,3.0,28,0,0,2026-09-02 11:34:13.617
621,169651,48403,1055,16,27,0,0,0,2.0,19,0,0,2026-09-02 11:34:13.617
622,169651,34200,1055,4,11,0,0,0,0.0,0,0,0,2026-09-02 11:34:13.637
623,169651,42936,1055,24,29,2,0,0,0.0,0,0,0,2026-09-02 11:34:13.640
624,169651,34172,1055,11,8,1,0,0,0.0,0,0,0,2026-09-02 11:34:13.657
625,169651,1429070,1055,1,3,0,0,0,0.0,0,0,0,2026-09-02 11:34:13.657
626,170411,34382,1048,30,30,5,0,0,0.0,0,0,0,2026-09-02 11:34:15.537
627,170411,34380,1048,55,53,6,0,0,0.0,0,0,0,2026-09-02 11:34:15.540
628,170411,34319,1048,21,22,2,0,0,0.0,0,0,0,2026-09-02 11:34:15.540
629,170411,34352,1048,16,9,2,0,0,0.0,0,0,0,2026-09-02 11:34:15.543
630,170411,1431323,1048,1,3,0,0,0,0.0,0,0,0,2026-09-02 11:34:15.547
631,170411,34333,1048,0,2,0,0,0,0.0,0,0,0,2026-09-02 11:34:15.547
632,170411,1453367,1048,2,2,0,0,0,0.0,0,0,0,2026-09-02 11:34:15.550
633,170411,1478757,1048,0,0,0,0,0,0.0,0,0,0,2026-09-02 11:34:15.553
634,170411,1478767,1048,0,0,0,0,0,0.0,0,0,0,2026-09-02 11:34:15.553
635,170411,45817,1048,0,0,0,0,0,0.0,0,0,0,2026-09-02 11:34:15.557
636,170411,1431321,1048,0,0,0,0,0,0.0,0,0,0,2026-09-02 11:34:15.560
637,170411,1452800,504,0,0,0,0,2,4.0,33,0,0,2026-09-02 11:34:15.560
638,170411,18315,504,0,0,0,0,0,4.0,22,0,0,2026-09-02 11:34:15.563
639,170411,18330,504,0,0,0,0,0,3.0,36,0,0,2026-09-02 11:34:15.567
640,170411,1476967,504,0,0,0,0,1,4.0,20,0,0,2026-09-02 11:34:15.567
641,170411,1478777,504,0,0,0,0,2,4.0,22,0,0,2026-09-02 11:34:15.570
642,170411,45841,504,0,0,0,0,0,1.0,12,0,0,2026-09-02 11:34:15.570
643,169913,23616,12,34,35,4,1,0,0.0,0,0,0,2026-09-02 11:34:17.340
644,169913,13957,12,24,12,4,1,0,0.0,0,0,0,2026-09-02 11:34:17.377
645,169913,13415,12,17,17,1,0,0,0.0,0,0,0,2026-09-02 11:34:17.380
646,169913,9354,12,10,17,0,0,0,3.0,27,0,0,2026-09-02 11:34:17.380
647,169913,8454,12,4,7,0,0,0,0.0,0,0,0,2026-09-02 11:34:17.403
648,169913,13451,12,12,14,1,0,0,1.0,7,0,0,2026-09-02 11:34:17.423
649,169913,15877,12,30,13,1,3,0,0.0,0,0,0,2026-09-02 11:34:17.443
650,169913,19592,12,4,2,1,0,1,2.4,19,0,0,2026-09-02 11:34:17.447
651,169913,54385,12,2,2,0,0,1,2.0,31,0,0,2026-09-02 11:34:17.463
652,169913,13316,12,0,1,0,0,1,3.0,30,0,0,2026-09-02 11:34:17.483
653,169913,278,12,0,0,0,0,0,2.0,32,0,0,2026-09-02 11:34:17.483
654,169913,13098,11,0,0,0,0,1,4.0,20,0,0,2026-09-02 11:34:17.513
655,169913,18523,11,0,0,0,0,3,4.0,45,0,0,2026-09-02 11:34:17.533
656,169913,8530,11,0,0,0,0,2,4.0,27,0,0,2026-09-02 11:34:17.557
657,169913,23346,11,0,0,0,0,1,4.0,24,0,0,2026-09-02 11:34:17.560
658,169913,10676,11,0,0,0,0,1,4.0,25,0,0,2026-09-02 11:34:17.560
659,169913,50545,11,22,13,4,0,0,0.0,0,0,0,2026-09-02 11:34:17.600
660,169913,21386,11,20,13,4,0,0,0.0,0,0,0,2026-09-02 11:34:17.617
661,169913,20538,11,75,32,7,6,0,0.0,0,0,0,2026-09-02 11:34:17.617
662,169913,11196,11,15,17,0,1,0,0.0,0,0,0,2026-09-02 11:34:17.620
663,169913,14797,11,11,7,2,0,0,0.0,0,0,0,2026-09-02 11:34:17.620
664,169913,24622,11,0,0,0,0,0,0.0,0,0,0,2026-09-02 11:34:17.633
665,169641,1426714,1987,22,28,4,0,0,2.0,14,0,0,2026-09-02 11:34:19.603
666,169641,1426741,1987,26,46,1,0,0,4.0,24,0,0,2026-09-02 11:34:19.630
667,169641,1426685,1987,21,21,2,0,0,0.0,0,0,0,2026-09-02 11:34:19.650
668,169641,1476060,1987,21,18,2,0,0,4.0,29,0,0,2026-09-02 11:34:19.670
669,169641,1456428,1987,11,6,2,0,0,4.0,16,0,0,2026-09-02 11:34:19.690
670,169641,1475977,1987,1,3,0,0,3,4.0,31,0,0,2026-09-02 11:34:19.707
671,169641,1427045,1987,0,0,0,0,0,0.0,0,0,0,2026-09-02 11:34:19.720
672,169641,1456413,1987,0,0,0,0,0,0.0,0,0,0,2026-09-02 11:34:19.733
673,169641,1456402,1987,0,0,0,0,0,0.0,0,0,0,2026-09-02 11:34:19.733
674,169641,1475987,1987,0,0,0,0,0,0.4,9,0,0,2026-09-02 11:34:19.747
675,169641,1452569,1987,0,0,0,0,0,0.0,0,0,0,2026-09-02 11:34:19.750
676,169641,46919,1104,26,29,1,0,0,4.0,16,0,0,2026-09-02 11:34:19.760
677,169641,1474583,1104,0,0,0,0,0,4.0,27,0,0,2026-09-02 11:34:19.777
678,169641,27604,1104,2,8,0,0,0,4.0,31,0,0,2026-09-02 11:34:19.777
679,169641,1474594,1104,4,6,0,0,2,3.0,7,0,0,2026-09-02 11:34:19.780
680,169641,27606,1104,0,0,0,0,1,2.0,15,0,0,2026-09-02 11:34:19.780
681,169641,27548,1104,12,20,1,0,1,3.0,23,0,0,2026-09-02 11:34:19.810
682,169641,1429185,1104,8,8,0,0,0,0.0,0,0,0,2026-09-02 11:34:19.890
683,169641,46912,1104,30,25,4,0,0,0.0,0,0,0,2026-09-02 11:34:19.983
684,169641,1429158,1104,26,17,5,0,0,0.0,0,0,0,2026-09-02 11:34:19.997
685,169641,27543,1104,0,0,0,0,0,0.0,0,0,0,2026-09-02 11:34:19.997
686,169641,1478601,1104,0,0,0,0,0,0.0,0,0,0,2026-09-02 11:34:20.020
687,169270,10103,575,18,20,3,0,0,0.0,0,0,0,2026-09-02 11:34:21.937
688,169270,6534,575,60,37,8,1,0,0.0,0,0,0,2026-09-02 11:34:21.957
689,169270,10045,575,4,5,0,0,0,3.0,24,0,0,2026-09-02 11:34:21.977
690,169270,1437,575,4,6,0,0,0,0.0,0,0,0,2026-09-02 11:34:21.980
691,169270,1398,575,51,27,2,4,0,0.0,0,0,0,2026-09-02 11:34:22.000
692,169270,9365,575,25,16,2,1,0,0.0,0,0,0,2026-09-02 11:34:22.000
693,169270,9383,575,10,11,0,0,0,1.0,16,0,0,2026-09-02 11:34:22.003
694,169270,9720,575,0,0,0,0,1,4.0,35,0,0,2026-09-02 11:34:22.020
695,169270,9357,575,0,0,0,0,3,3.3,28,0,0,2026-09-02 11:34:22.023
696,169270,11450,575,0,0,0,0,2,4.0,25,0,0,2026-09-02 11:34:22.037
697,169270,9603,575,0,0,0,0,4,4.0,21,0,0,2026-09-02 11:34:22.050
698,169270,6647,576,3,6,0,0,1,4.0,24,0,0,2026-09-02 11:34:22.067
699,169270,1463082,576,14,7,0,1,2,4.0,29,0,0,2026-09-02 11:34:22.080
700,169270,11128,576,1,2,0,0,0,4.0,33,0,0,2026-09-02 11:34:22.083
701,169270,6329,576,5,5,1,0,1,3.0,39,0,0,2026-09-02 11:34:22.083
702,169270,1593,576,0,2,0,0,1,4.0,43,0,0,2026-09-02 11:34:22.097
703,169270,10713,576,10,10,0,0,0,1.0,12,0,0,2026-09-02 11:34:22.100
704,169270,18987,576,0,4,0,0,0,0.0,0,0,0,2026-09-02 11:34:22.103
705,169270,6642,576,13,14,2,0,0,0.0,0,0,0,2026-09-02 11:34:22.103
706,169270,11130,576,75,45,8,3,0,0.0,0,0,0,2026-09-02 11:34:22.117
707,169270,20241,576,20,15,2,0,0,0.0,0,0,0,2026-09-02 11:34:22.153
708,169270,16119,576,5,7,0,0,0,0.0,0,0,0,2026-09-02 11:34:22.157
709,170407,1428823,504,19,17,2,0,0,2.0,18,0,0,2026-09-02 11:34:24.033
710,170407,1476977,504,9,18,0,0,0,0.0,0,0,0,2026-09-02 11:34:24.033
711,170407,27856,504,4,8,0,0,0,0.0,0,0,0,2026-09-02 11:34:24.037
712,170407,1452800,504,17,25,0,0,1,4.0,21,0,0,2026-09-02 11:34:24.037
713,170407,18315,504,17,19,1,0,2,4.0,22,0,0,2026-09-02 11:34:24.040
714,170407,1452785,504,11,9,0,0,0,0.0,0,0,0,2026-09-02 11:34:24.040
715,170407,1477007,504,0,2,0,0,0,0.0,0,0,0,2026-09-02 11:34:24.060
716,170407,45841,504,0,1,0,0,0,0.0,0,0,0,2026-09-02 11:34:24.063
717,170407,18314,504,8,7,0,0,0,0.0,0,0,0,2026-09-02 11:34:24.063
718,170407,18330,504,1,6,0,0,1,3.4,25,0,0,2026-09-02 11:34:24.067
719,170407,1476967,504,6,9,0,0,1,4.0,23,0,0,2026-09-02 11:34:24.067
720,170407,48885,508,3,2,0,0,1,4.0,22,0,0,2026-09-02 11:34:24.070
721,170407,1478790,508,45,49,5,0,2,4.0,23,0,0,2026-09-02 11:34:24.070
722,170407,1478797,508,3,4,0,0,1,3.0,13,0,0,2026-09-02 11:34:24.073
723,170407,48862,508,7,7,1,0,0,4.0,23,0,0,2026-09-02 11:34:24.077
724,170407,49074,508,21,23,2,0,0,2.0,17,0,0,2026-09-02 11:34:24.077
725,170407,1476261,508,0,0,0,0,4,3.0,11,0,0,2026-09-02 11:34:24.080
726,170407,1425758,508,2,6,0,0,0,0.0,0,0,0,2026-09-02 11:34:24.087
727,170407,48906,508,3,8,0,0,0,0.0,0,0,0,2026-09-02 11:34:24.113
728,170407,1425792,508,5,5,1,0,0,0.0,0,0,0,2026-09-02 11:34:24.130
729,170407,1462445,508,0,2,0,0,0,0.0,0,0,0,2026-09-02 11:34:24.130
730,170407,48913,508,1,3,0,0,0,0.0,0,0,0,2026-09-02 11:34:24.147
731,169631,47794,1668,4,13,0,0,0,4.0,6,0,0,2026-09-02 11:34:26.287
732,169631,50257,1668,14,24,0,0,0,0.0,0,0,0,2026-09-02 11:34:26.290
733,169631,47808,1668,0,4,0,0,1,4.0,30,0,0,2026-09-02 11:34:26.290
734,169631,50236,1668,37,41,3,0,0,0.0,0,0,0,2026-09-02 11:34:26.313
735,169631,1478673,1668,2,6,0,0,1,2.0,21,0,0,2026-09-02 11:34:26.317
736,169631,47840,1668,7,7,0,0,2,4.0,23,0,0,2026-09-02 11:34:26.317
737,169631,50264,1668,21,28,1,0,0,3.0,17,0,0,2026-09-02 11:34:26.340
738,169631,1452809,1668,0,0,0,0,0,1.0,12,0,0,2026-09-02 11:34:26.360
739,169631,1470503,1668,0,0,0,0,0,0.0,0,0,0,2026-09-02 11:34:26.360
740,169631,47843,1668,0,0,0,0,0,0.0,0,0,0,2026-09-02 11:34:26.363
741,169631,1470536,1668,0,0,0,0,0,0.0,0,0,0,2026-09-02 11:34:26.367
742,169631,1429084,1055,0,0,0,0,0,3.0,10,0,0,2026-09-02 11:34:26.367
743,169631,1429075,1055,2,5,0,0,1,3.0,13,0,0,2026-09-02 11:34:26.370
744,169631,34212,1055,0,0,0,0,1,2.0,13,0,0,2026-09-02 11:34:26.370
745,169631,34219,1055,0,0,0,0,1,2.0,18,0,0,2026-09-02 11:34:26.373
746,169631,48403,1055,0,7,0,0,0,4.0,21,0,0,2026-09-02 11:34:26.377
747,169631,34193,1055,5,14,0,0,0,4.0,19,0,0,2026-09-02 11:34:26.377
748,169631,1462301,1055,0,0,0,0,0,2.0,10,0,0,2026-09-02 11:34:26.380
749,169631,34200,1055,11,17,0,0,0,0.0,0,0,0,2026-09-02 11:34:26.400
750,169631,34172,1055,45,46,3,0,0,0.0,0,0,0,2026-09-02 11:34:26.403
751,169631,42936,1055,24,23,1,0,0,0.0,0,0,0,2026-09-02 11:34:26.420
752,169631,48927,1055,0,0,0,0,0,0.0,0,0,0,2026-09-02 11:34:26.497
753,154502,1467475,262,28,27,0,3,0,0.0,0,0,0,2026-09-02 11:34:28.330
754,154502,1478611,262,13,15,1,1,0,0.0,0,0,0,2026-09-02 11:34:28.333
755,154502,8520,262,11,17,2,0,0,0.0,0,0,0,2026-09-02 11:34:28.337
756,154502,15807,262,6,11,0,0,0,0.0,0,0,0,2026-09-02 11:34:28.337
757,154502,13748,262,12,18,1,0,0,0.0,0,0,0,2026-09-02 11:34:28.340
758,154502,10162,262,27,17,1,2,1,4.0,20,0,0,2026-09-02 11:34:28.343
759,154502,9793,262,7,5,1,0,0,1.0,12,0,0,2026-09-02 11:34:28.343
760,154502,13162,262,0,2,0,0,0,2.0,17,0,0,2026-09-02 11:34:28.347
761,154502,23301,262,15,7,3,0,0,1.0,16,0,0,2026-09-02 11:34:28.350
762,154502,12071,262,3,1,0,0,1,4.0,39,0,0,2026-09-02 11:34:28.350
763,154502,15818,262,0,0,0,0,1,2.5,20,0,0,2026-09-02 11:34:28.353
764,154502,2276,271,55,33,1,6,2,4.0,14,0,0,2026-09-02 11:34:28.353
765,154502,8435,271,0,0,0,0,1,3.0,27,0,0,2026-09-02 11:34:28.357
766,154502,11211,271,6,9,0,0,1,4.0,30,0,0,2026-09-02 11:34:28.360
767,154502,55799,271,0,0,0,0,1,4.0,11,0,0,2026-09-02 11:34:28.360
768,154502,657,271,12,11,1,0,2,3.0,19,0,0,2026-09-02 11:34:28.363
769,154502,1477381,271,0,0,0,0,1,2.0,24,0,0,2026-09-02 11:34:28.367
770,154502,8085,271,37,26,5,1,0,0.0,0,0,0,2026-09-02 11:34:28.370
771,154502,9406,271,12,10,1,1,0,0.0,0,0,0,2026-09-02 11:34:28.387
772,154502,6734,271,0,0,0,0,0,0.0,0,0,0,2026-09-02 11:34:28.417
773,154502,46681,271,0,0,0,0,0,0.0,0,0,0,2026-09-02 11:34:28.420
774,154502,13750,271,0,0,0,0,0,0.0,0,0,0,2026-09-02 11:34:28.420
775,169797,20106,382,11,17,0,0,0,0.0,0,0,0,2026-09-02 11:34:30.277
776,169797,15395,382,19,19,1,0,2,4.0,22,0,0,2026-09-02 11:34:30.277
777,169797,11942,382,27,41,2,0,0,0.0,0,0,0,2026-09-02 11:34:30.290
778,169797,11934,382,43,31,4,2,0,0.0,0,0,0,2026-09-02 11:34:30.290
779,169797,11938,382,0,1,0,0,0,0.0,0,0,0,2026-09-02 11:34:30.293
780,169797,1478501,382,0,1,0,0,0,0.0,0,0,0,2026-09-02 11:34:30.297
781,169797,11935,382,2,4,0,0,1,4.0,24,0,0,2026-09-02 11:34:30.297
782,169797,22001,382,4,3,0,0,0,0.0,0,0,0,2026-09-02 11:34:30.300
783,169797,20111,382,2,2,0,0,0,4.0,18,0,0,2026-09-02 11:34:30.300
784,169797,13721,382,0,1,0,0,3,4.0,27,0,0,2026-09-02 11:34:30.313
785,169797,16794,382,0,1,0,0,1,4.0,23,0,0,2026-09-02 11:34:30.313
786,169797,14775,502,28,20,4,0,2,4.0,18,0,0,2026-09-02 11:34:30.317
787,169797,25142,502,0,0,0,0,3,4.0,37,0,0,2026-09-02 11:34:30.317
788,169797,25098,502,10,16,0,0,0,3.0,16,0,0,2026-09-02 11:34:30.320
789,169797,25163,502,22,11,4,0,4,4.0,11,0,0,2026-09-02 11:34:30.320
790,169797,25149,502,2,2,0,0,0,3.0,22,0,0,2026-09-02 11:34:30.320
791,169797,1427178,502,8,11,0,0,0,2.0,13,0,0,2026-09-02 11:34:30.323
792,169797,25126,502,0,4,0,0,0,0.0,0,0,0,2026-09-02 11:34:30.337
793,169797,25121,502,28,41,2,0,0,0.0,0,0,0,2026-09-02 11:34:30.337
794,169797,25140,502,8,10,1,0,0,0.0,0,0,0,2026-09-02 11:34:30.357
795,169797,45176,502,8,5,1,0,0,0.0,0,0,0,2026-09-02 11:34:30.367
796,169797,37271,502,0,0,0,0,0,0.0,0,0,0,2026-09-02 11:34:30.390
797,170397,34382,1048,35,36,5,0,1,1.0,8,0,0,2026-09-02 11:34:32.123
798,170397,34380,1048,4,9,1,0,0,0.0,0,0,0,2026-09-02 11:34:32.127
799,170397,34319,1048,39,33,3,1,0,0.0,0,0,0,2026-09-02 11:34:32.127
800,170397,34352,1048,56,28,9,0,0,1.0,5,0,0,2026-09-02 11:34:32.130
801,170397,1431323,1048,0,2,0,0,0,1.0,4,0,0,2026-09-02 11:34:32.133
802,170397,34333,1048,2,1,0,0,0,3.0,14,0,0,2026-09-02 11:34:32.133
803,170397,1478757,1048,0,0,0,0,0,0.0,0,0,0,2026-09-02 11:34:32.137
804,170397,49233,1048,0,0,0,0,0,0.0,0,0,0,2026-09-02 11:34:32.140
805,170397,45817,1048,0,0,0,0,1,4.0,12,0,0,2026-09-02 11:34:32.140
806,170397,1453367,1048,0,0,0,0,1,4.0,10,0,0,2026-09-02 11:34:32.143
807,170397,1431321,1048,0,0,0,0,2,4.0,21,0,0,2026-09-02 11:34:32.143
808,170397,48885,508,4,10,0,0,1,3.0,15,0,0,2026-09-02 11:34:32.147
809,170397,1478797,508,11,15,1,0,2,4.0,27,0,0,2026-09-02 11:34:32.150
810,170397,48862,508,2,2,0,0,1,3.0,21,0,0,2026-09-02 11:34:32.150
811,170397,1425767,508,1,1,0,0,0,2.0,21,0,0,2026-09-02 11:34:32.153
812,170397,1478790,508,10,17,0,0,0,1.0,12,0,0,2026-09-02 11:34:32.157
813,170397,49074,508,1,2,0,0,0,2.0,23,0,0,2026-09-02 11:34:32.157
814,170397,1425758,508,4,9,0,0,0,3.0,26,0,0,2026-09-02 11:34:32.160
815,170397,1452164,508,2,15,0,0,0,0.0,0,0,0,2026-09-02 11:34:32.167
816,170397,48906,508,6,11,0,0,0,0.0,0,0,0,2026-09-02 11:34:32.187
817,170397,1425792,508,3,4,0,0,0,0.0,0,0,0,2026-09-02 11:34:32.217
818,170397,48913,508,14,24,0,0,0,0.0,0,0,0,2026-09-02 11:34:32.250
819,167040,12567,368,13,12,1,1,0,0.0,0,0,0,2026-09-02 11:34:34.070
820,167040,12626,368,11,7,1,1,0,0.0,0,0,0,2026-09-02 11:34:34.073
821,167040,46559,368,39,33,3,1,0,0.0,0,0,0,2026-09-02 11:34:34.073
822,167040,1427488,368,82,47,7,5,0,0.0,0,0,0,2026-09-02 11:34:34.077
823,167040,10226,368,1,2,0,0,3,2.2,10,0,0,2026-09-02 11:34:34.080
824,167040,1457020,368,6,7,1,0,0,0.0,0,0,0,2026-09-02 11:34:34.080
825,167040,51949,368,13,9,2,0,0,0.0,0,0,0,2026-09-02 11:34:34.083
826,167040,12927,368,1,2,0,0,2,4.0,30,0,0,2026-09-02 11:34:34.087
827,167040,19861,368,2,1,0,0,0,2.0,17,0,0,2026-09-02 11:34:34.087
828,167040,12930,368,0,0,0,0,3,3.0,18,0,0,2026-09-02 11:34:34.090
829,167040,12636,368,0,0,0,0,1,3.0,23,0,0,2026-09-02 11:34:34.093
830,167040,46230,369,0,1,0,0,0,2.0,30,0,0,2026-09-02 11:34:34.093
831,167040,19807,369,2,4,0,0,1,4.0,20,0,0,2026-09-02 11:34:34.097
832,167040,19907,369,3,5,0,0,4,4.0,30,0,0,2026-09-02 11:34:34.100
833,167040,11648,369,1,2,0,0,1,3.0,33,0,0,2026-09-02 11:34:34.100
834,167040,46205,369,0,1,0,0,0,4.0,28,0,0,2026-09-02 11:34:34.103
835,167040,15277,369,0,0,0,0,0,3.0,36,0,0,2026-09-02 11:34:34.107
836,167040,1428325,369,0,1,0,0,0,0.0,0,0,0,2026-09-02 11:34:34.110
837,167040,1476761,369,0,2,0,0,0,0.0,0,0,0,2026-09-02 11:34:34.110
838,167040,11622,369,40,28,2,3,0,0.0,0,0,0,2026-09-02 11:34:34.113
839,167040,1476741,369,24,14,3,0,0,0.0,0,0,0,2026-09-02 11:34:34.117
840,167040,10256,369,24,25,1,0,0,0.0,0,0,0,2026-09-02 11:34:34.117
841,167040,19791,369,1,3,0,0,0,0.0,0,0,0,2026-09-02 11:34:34.140
842,169221,1458987,2620,20,9,0,3,0,0.0,0,0,0,2026-09-02 11:34:35.920
843,169221,10893,2620,25,26,1,1,0,0.0,0,0,0,2026-09-02 11:34:35.923
844,169221,1460916,2620,3,7,0,0,0,0.0,0,0,0,2026-09-02 11:34:35.923
845,169221,12619,2620,106,46,5,10,3,3.0,25,0,0,2026-09-02 11:34:35.927
846,169221,1459394,2620,16,17,1,0,0,1.0,11,0,0,2026-09-02 11:34:35.930
847,169221,1429626,2620,11,4,1,1,0,0.0,0,0,0,2026-09-02 11:34:35.930
848,169221,1458968,2620,24,12,2,2,0,0.0,0,0,0,2026-09-02 11:34:35.933
849,169221,53510,2620,0,0,0,0,2,4.0,27,0,0,2026-09-02 11:34:35.937
850,169221,12639,2620,0,0,0,0,2,4.0,19,0,0,2026-09-02 11:34:35.937
851,169221,13537,2620,0,0,0,0,0,2.0,21,0,0,2026-09-02 11:34:35.940
852,169221,1458991,2620,0,0,0,0,2,2.4,32,0,0,2026-09-02 11:34:35.940
853,169221,1459321,2645,25,10,4,1,1,4.0,51,0,0,2026-09-02 11:34:35.943
854,169221,9507,2645,5,3,1,0,2,4.0,41,0,0,2026-09-02 11:34:35.947
855,169221,1459299,2645,5,3,1,0,0,2.0,23,0,0,2026-09-02 11:34:35.947
856,169221,1448289,2645,5,10,1,0,0,4.0,19,0,0,2026-09-02 11:34:35.950
857,169221,1460806,2645,0,0,0,0,1,3.0,42,0,0,2026-09-02 11:34:35.953
858,169221,24256,2645,0,1,0,0,1,3.0,35,0,0,2026-09-02 11:34:35.953
859,169221,1477817,2645,2,4,0,0,0,0.0,0,0,0,2026-09-02 11:34:35.957
860,169221,14079,2645,45,28,4,3,0,0.0,0,0,0,2026-09-02 11:34:35.960
861,169221,1478061,2645,34,21,2,3,0,0.0,0,0,0,2026-09-02 11:34:35.980
862,169221,13135,2645,5,7,0,0,0,0.0,0,0,0,2026-09-02 11:34:35.980
863,169221,13252,2645,1,3,0,0,0,0.0,0,0,0,2026-09-02 11:34:35.983
864,169221,15718,2645,15,16,0,1,0,0.0,0,0,0,2026-09-02 11:34:35.987
865,169221,1458925,2620,0,0,0,0,1,1.0,9,0,0,2026-09-02 11:34:36.167
866,169621,1426685,1987,0,1,0,0,0,0.0,0,0,0,2026-09-02 11:34:38.793
867,169621,1426741,1987,0,3,0,0,0,4.0,14,0,0,2026-09-02 11:34:38.793
868,169621,1426714,1987,8,11,0,0,0,1.0,10,0,0,2026-09-02 11:34:38.797
869,169621,1456428,1987,6,17,0,0,0,4.0,15,0,0,2026-09-02 11:34:38.800
870,169621,1476060,1987,4,2,1,0,0,3.0,15,0,0,2026-09-02 11:34:38.800
871,169621,1427045,1987,23,48,1,0,0,0.0,0,0,0,2026-09-02 11:34:38.803
872,169621,1427043,1987,0,5,0,0,0,0.0,0,0,0,2026-09-02 11:34:38.803
873,169621,1475977,1987,6,13,0,0,1,4.0,13,0,0,2026-09-02 11:34:38.807
874,169621,1475987,1987,4,10,0,0,0,0.4,7,0,0,2026-09-02 11:34:38.810
875,169621,1452569,1987,0,5,0,0,0,0.0,0,0,0,2026-09-02 11:34:38.810
876,169621,1452578,1987,0,1,0,0,0,0.0,0,0,0,2026-09-02 11:34:38.813
877,169621,25385,775,6,11,0,0,2,4.0,9,0,0,2026-09-02 11:34:38.813
878,169621,29559,775,13,20,2,0,1,4.0,22,0,0,2026-09-02 11:34:38.817
879,169621,18279,775,2,4,0,0,2,4.0,12,0,0,2026-09-02 11:34:38.820
880,169621,18239,775,21,24,2,0,2,4.0,10,0,0,2026-09-02 11:34:38.820
881,169621,47623,775,0,2,0,0,2,3.2,19,0,0,2026-09-02 11:34:38.820
882,169621,43384,775,8,27,0,0,0,0.0,0,0,0,2026-09-02 11:34:38.860
883,169621,1430801,775,3,12,0,0,0,0.0,0,0,0,2026-09-02 11:34:38.877
884,169621,25392,775,0,0,0,0,0,0.0,0,0,0,2026-09-02 11:34:38.907
885,169621,49515,775,0,0,0,0,0,0.0,0,0,0,2026-09-02 11:34:38.910
886,169621,1456459,775,0,0,0,0,0,0.0,0,0,0,2026-09-02 11:34:38.910
887,169621,1478787,775,0,0,0,0,0,0.0,0,0,0,2026-09-02 11:34:38.910
888,169901,20262,161,41,29,3,2,0,0.0,0,0,0,2026-09-02 11:34:40.723
889,169901,8522,161,60,38,6,2,0,0.0,0,0,0,2026-09-02 11:34:40.727
890,169901,7973,161,19,17,2,0,1,2.0,7,0,0,2026-09-02 11:34:40.730
891,169901,13438,161,4,5,0,0,0,0.0,0,0,0,2026-09-02 11:34:40.730
892,169901,9890,161,5,4,1,0,0,0.0,0,0,0,2026-09-02 11:34:40.733
893,169901,53940,161,13,15,1,0,0,0.0,0,0,0,2026-09-02 11:34:40.737
894,169901,9885,161,0,2,0,0,3,4.0,31,0,0,2026-09-02 11:34:40.760
895,169901,14431,161,12,6,0,1,3,4.0,24,0,0,2026-09-02 11:34:40.760
896,169901,10769,161,0,1,0,0,0,2.0,25,0,0,2026-09-02 11:34:40.763
897,169901,53954,161,2,3,0,0,1,4.0,29,0,0,2026-09-02 11:34:40.763
898,169901,1463330,161,0,0,0,0,1,4.0,27,0,0,2026-09-02 11:34:40.767
899,169901,18523,11,25,17,1,1,2,4.0,32,0,0,2026-09-02 11:34:40.770
900,169901,53408,11,0,3,0,0,1,4.0,39,0,0,2026-09-02 11:34:40.770
901,169901,8530,11,0,1,0,0,3,4.0,32,0,0,2026-09-02 11:34:40.770
902,169901,11208,11,0,0,0,0,0,1.3,16,0,0,2026-09-02 11:34:40.773
903,169901,10676,11,0,2,0,0,2,4.0,17,0,0,2026-09-02 11:34:40.777
904,169901,21386,11,7,9,0,0,0,0.3,3,0,0,2026-09-02 11:34:40.777
905,169901,20538,11,75,50,4,5,1,2.0,22,0,0,2026-09-02 11:34:40.780
906,169901,50545,11,9,9,0,0,0,0.0,0,0,0,2026-09-02 11:34:40.780
907,169901,11196,11,9,13,1,0,0,0.0,0,0,0,2026-09-02 11:34:40.813
908,169901,14797,11,12,9,2,0,0,0.0,0,0,0,2026-09-02 11:34:40.813
909,169901,24622,11,4,7,0,0,0,0.0,0,0,0,2026-09-02 11:34:40.817
910,170157,29816,188,106,144,9,0,0,0.0,0,0,0,2026-09-02 11:34:42.663
911,170157,1423987,188,46,47,9,0,1,8.0,32,0,0,2026-09-02 11:34:42.667
912,170157,13761,188,69,74,9,1,0,0.0,0,0,0,2026-09-02 11:34:42.670
913,170157,13770,188,18,30,0,0,0,2.0,7,0,0,2026-09-02 11:34:42.670
914,170157,15387,188,4,6,0,0,0,0.0,0,0,0,2026-09-02 11:34:42.673
915,170157,48302,188,0,0,0,0,1,8.0,30,0,0,2026-09-02 11:34:42.673
916,170157,15385,188,0,0,0,0,0,0.0,0,0,0,2026-09-02 11:34:42.677
917,170157,15383,188,0,0,0,0,2,10.0,41,0,0,2026-09-02 11:34:42.680
918,170157,50355,188,0,0,0,0,1,5.5,27,0,0,2026-09-02 11:34:42.680
919,170157,13771,188,0,0,0,0,3,10.0,42,0,0,2026-09-02 11:34:42.683
920,170157,15382,188,0,0,0,0,0,5.0,26,0,0,2026-09-02 11:34:42.687
921,170157,1429057,389,10,18,1,0,0,10.0,75,0,0,2026-09-02 11:34:42.687
922,170157,38223,389,3,11,0,0,0,7.0,39,0,0,2026-09-02 11:34:42.690
923,170157,38251,389,0,2,0,0,0,10.0,42,0,0,2026-09-02 11:34:42.690
924,170157,12298,389,19,38,1,0,1,10.0,35,0,0,2026-09-02 11:34:42.693
925,170157,38209,389,4,15,0,0,1,9.0,55,0,0,2026-09-02 11:34:42.697
926,170157,15390,389,33,38,3,0,0,4.0,23,0,0,2026-09-02 11:34:42.700
927,170157,38216,389,15,46,1,0,0,0.0,0,0,0,2026-09-02 11:34:42.717
928,170157,1449981,389,79,102,6,0,0,0.0,0,0,0,2026-09-02 11:34:42.717
929,170157,1449970,389,0,1,0,0,0,0.0,0,0,0,2026-09-02 11:34:42.720
930,170157,1478581,389,5,16,0,0,0,0.0,0,0,0,2026-09-02 11:34:42.737
931,170157,1478591,389,5,7,0,0,0,0.0,0,0,0,2026-09-02 11:34:42.740
932,170157,15391,389,0,0,0,0,0,0.0,0,0,0,2026-09-02 11:34:42.800
933,169611,1458012,902,5,11,0,0,0,3.0,23,0,0,2026-09-02 11:34:44.613
934,169611,1458008,902,2,7,0,0,0,0.0,0,0,0,2026-09-02 11:34:44.613
935,169611,45757,902,15,18,3,0,1,4.0,14,0,0,2026-09-02 11:34:44.617
936,169611,45750,902,2,8,0,0,0,3.0,16,0,0,2026-09-02 11:34:44.620
937,169611,45764,902,10,10,1,0,1,4.0,15,0,0,2026-09-02 11:34:44.620
938,169611,1458021,902,25,31,3,0,0,0.0,0,0,0,2026-09-02 11:34:44.623
939,169611,1463548,902,21,29,2,0,0,0.0,0,0,0,2026-09-02 11:34:44.627
940,169611,1478703,902,0,2,0,0,0,3.0,18,0,0,2026-09-02 11:34:44.627
941,169611,1478693,902,1,4,0,0,0,0.0,0,0,0,2026-09-02 11:34:44.630
942,169611,1457999,902,0,0,0,0,0,3.0,20,0,0,2026-09-02 11:34:44.630
943,169611,45754,902,2,3,0,0,0,0.0,0,0,0,2026-09-02 11:34:44.633
944,169611,46919,1104,8,13,1,0,1,4.0,9,0,0,2026-09-02 11:34:44.633
945,169611,1474583,1104,0,0,0,0,0,4.0,28,0,0,2026-09-02 11:34:44.637
946,169611,27604,1104,13,12,1,0,2,4.0,26,0,0,2026-09-02 11:34:44.640
947,169611,1474594,1104,35,48,4,0,3,4.0,31,0,0,2026-09-02 11:34:44.640
948,169611,27606,1104,0,0,0,0,0,2.0,11,0,0,2026-09-02 11:34:44.643
949,169611,1478601,1104,0,0,0,0,2,2.0,13,0,0,2026-09-02 11:34:44.643
950,169611,27543,1104,3,22,0,0,0,0.0,0,0,0,2026-09-02 11:34:44.647
951,169611,27548,1104,1,1,0,0,0,0.0,0,0,0,2026-09-02 11:34:44.650
952,169611,27569,1104,11,17,1,0,0,0.0,0,0,0,2026-09-02 11:34:44.683
953,169611,46912,1104,10,12,0,0,0,0.0,0,0,0,2026-09-02 11:34:44.687
954,169611,1429158,1104,0,0,0,0,0,0.0,0,0,0,2026-09-02 11:34:44.703
955,170391,1428823,504,35,25,5,0,0,0.0,0,0,0,2026-09-02 11:34:46.560
956,170391,1476977,504,20,18,2,1,0,0.0,0,0,0,2026-09-02 11:34:46.563
957,170391,27856,504,1,4,0,0,0,0.0,0,0,0,2026-09-02 11:34:46.567
958,170391,1452785,504,5,4,1,0,0,0.0,0,0,0,2026-09-02 11:34:46.567
959,170391,18315,504,12,9,1,0,0,0.1,0,0,0,2026-09-02 11:34:46.570
960,170391,45841,504,5,5,1,0,1,3.0,29,0,0,2026-09-02 11:34:46.570
961,170391,1452800,504,1,2,0,0,0,0.0,0,0,0,2026-09-02 11:34:46.573
962,170391,45918,504,0,0,0,0,0,2.0,15,0,0,2026-09-02 11:34:46.577
963,170391,1452791,504,0,0,0,0,0,1.0,13,0,0,2026-09-02 11:34:46.577
964,170391,18314,504,0,0,0,0,0,0.0,0,0,0,2026-09-02 11:34:46.580
965,170391,1478777,504,0,0,0,0,0,1.0,12,0,0,2026-09-02 11:34:46.580
966,170391,1453367,1048,0,0,0,0,0,2.0,16,0,0,2026-09-02 11:34:46.583
967,170391,45817,1048,0,0,0,0,0,2.0,14,0,0,2026-09-02 11:34:46.583
968,170391,34382,1048,25,17,4,0,0,1.0,13,0,0,2026-09-02 11:34:46.587
969,170391,1431321,1048,0,0,0,0,3,3.0,17,0,0,2026-09-02 11:34:46.590
970,170391,34352,1048,0,0,0,0,1,2.0,25,0,0,2026-09-02 11:34:46.590
971,170391,1478767,1048,0,0,0,0,1,1.0,6,0,0,2026-09-02 11:34:46.593
972,170391,34380,1048,0,1,0,0,0,0.0,0,0,0,2026-09-02 11:34:46.610
973,170391,34319,1048,28,26,2,1,0,0.0,0,0,0,2026-09-02 11:34:46.610
974,170391,1478757,1048,0,0,0,0,0,0.0,0,0,0,2026-09-02 11:34:46.613
975,170391,34333,1048,0,0,0,0,0,0.0,0,0,0,2026-09-02 11:34:46.647
976,170391,1431323,1048,0,0,0,0,0,0.0,0,0,0,2026-09-02 11:34:46.690
977,169601,1463507,1675,32,25,4,0,0,0.0,0,0,0,2026-09-02 11:34:48.400
978,169601,33605,1675,45,36,4,0,0,0.0,0,0,0,2026-09-02 11:34:48.403
979,169601,1463517,1675,0,0,0,0,0,2.0,15,0,0,2026-09-02 11:34:48.407
980,169601,47948,1675,0,0,0,0,0,1.0,10,0,0,2026-09-02 11:34:48.407
981,169601,47955,1675,0,0,0,0,0,2.0,6,0,0,2026-09-02 11:34:48.410
982,169601,47962,1675,0,0,0,0,0,0.0,0,0,0,2026-09-02 11:34:48.413
983,169601,1478630,1675,0,0,0,0,1,1.0,4,0,0,2026-09-02 11:34:48.413
984,169601,1463509,1675,0,0,0,0,1,2.0,8,0,0,2026-09-02 11:34:48.417
985,169601,1478631,1675,0,0,0,0,0,0.0,0,0,0,2026-09-02 11:34:48.420
986,169601,1478720,1675,0,0,0,0,0,2.0,11,0,0,2026-09-02 11:34:48.420
987,169601,1463540,1675,0,0,0,0,0,0.0,0,0,0,2026-09-02 11:34:48.423
988,169601,47794,1668,4,10,0,0,0,2.0,12,0,0,2026-09-02 11:34:48.423
989,169601,47840,1668,0,0,0,0,0,2.0,18,0,0,2026-09-02 11:34:48.427
990,169601,50264,1668,0,0,0,0,0,2.0,14,0,0,2026-09-02 11:34:48.430
991,169601,1452809,1668,0,0,0,0,0,2.0,22,0,0,2026-09-02 11:34:48.430
992,169601,1478673,1668,3,4,0,0,0,1.0,9,0,0,2026-09-02 11:34:48.430
993,169601,47808,1668,14,22,0,0,0,1.0,12,0,0,2026-09-02 11:34:48.433
994,169601,50257,1668,3,15,0,0,0,0.0,0,0,0,2026-09-02 11:34:48.450
995,169601,50236,1668,14,11,1,0,0,0.0,0,0,0,2026-09-02 11:34:48.467
996,169601,1470503,1668,0,0,0,0,0,0.0,0,0,0,2026-09-02 11:34:48.517
997,169601,47843,1668,0,0,0,0,0,0.0,0,0,0,2026-09-02 11:34:48.533
998,169601,1478737,1668,0,0,0,0,0,0.0,0,0,0,2026-09-02 11:34:48.537
999,154491,11217,3208,0,1,0,0,0,0.0,0,0,0,2026-09-02 11:34:50.247
1000,154491,22816,3208,2,6,0,0,0,1.0,3,0,0,2026-09-02 11:34:50.250
1001,154491,14241,3208,102,58,6,8,1,4.0,20,0,0,2026-09-02 11:34:50.250
1002,154491,15814,3208,10,13,0,1,0,0.0,0,0,0,2026-09-02 11:34:50.253
1003,154491,19013,3208,10,9,2,0,0,0.0,0,0,0,2026-09-02 11:34:50.257
1004,154491,11445,3208,21,17,1,1,0,0.0,0,0,0,2026-09-02 11:34:50.257
1005,154491,11214,3208,25,13,3,0,1,4.0,31,0,0,2026-09-02 11:34:50.260
1006,154491,11215,3208,7,3,0,1,0,1.0,19,0,0,2026-09-02 11:34:50.263
1007,154491,1467499,3208,0,0,0,0,0,2.0,24,0,0,2026-09-02 11:34:50.263
1008,154491,1429041,3208,0,0,0,0,2,4.0,50,0,0,2026-09-02 11:34:50.267
1009,154491,55092,3208,0,0,0,0,2,4.0,23,0,0,2026-09-02 11:34:50.270
1010,154491,14247,302,0,0,0,0,2,4.0,35,0,0,2026-09-02 11:34:50.270
1011,154491,8313,302,34,23,3,2,0,4.0,39,0,0,2026-09-02 11:34:50.273
1012,154491,10926,302,1,1,0,0,2,4.0,18,0,0,2026-09-02 11:34:50.277
1013,154491,11221,302,0,0,0,0,2,4.0,43,0,0,2026-09-02 11:34:50.277
1014,154491,14277,302,0,0,0,0,0,4.0,45,0,0,2026-09-02 11:34:50.280
1015,154491,8101,302,14,17,2,0,0,0.0,0,0,0,2026-09-02 11:34:50.280
1016,154491,8440,302,8,6,2,0,0,0.0,0,0,0,2026-09-02 11:34:50.283
1017,154491,1394,302,55,38,4,3,0,0.0,0,0,0,2026-09-02 11:34:50.287
1018,154491,24006,302,1,3,0,0,0,0.0,0,0,0,2026-09-02 11:34:50.287
1019,154491,19761,302,9,14,1,0,0,0.0,0,0,0,2026-09-02 11:34:50.290
1020,154491,8422,302,35,18,1,4,0,0.0,0,0,0,2026-09-02 11:34:50.307
1021,169257,10103,575,9,12,1,0,0,0.0,0,0,0,2026-09-02 11:34:52.200
1022,169257,6534,575,0,3,0,0,0,0.0,0,0,0,2026-09-02 11:34:52.203
1023,169257,9365,575,8,12,0,1,0,0.0,0,0,0,2026-09-02 11:34:52.207
1024,169257,10045,575,17,20,2,0,1,2.0,17,0,0,2026-09-02 11:34:52.210
1025,169257,1437,575,11,12,1,0,0,0.0,0,0,0,2026-09-02 11:34:52.210
1026,169257,1398,575,28,27,4,0,0,0.0,0,0,0,2026-09-02 11:34:52.213
1027,169257,9383,575,0,1,0,0,0,0.3,3,0,0,2026-09-02 11:34:52.213
1028,169257,9720,575,29,27,4,0,1,4.0,30,0,0,2026-09-02 11:34:52.217
1029,169257,11450,575,0,2,0,0,0,2.0,29,0,0,2026-09-02 11:34:52.220
1030,169257,9357,575,8,4,0,1,0,1.0,23,0,0,2026-09-02 11:34:52.220
1031,169257,9603,575,0,1,0,0,1,2.0,13,0,0,2026-09-02 11:34:52.223
1032,169257,8117,574,0,0,0,0,5,4.0,24,0,0,2026-09-02 11:34:52.227
1033,169257,9522,574,0,0,0,0,0,3.0,17,0,0,2026-09-02 11:34:52.227
1034,169257,9928,574,0,0,0,0,0,4.0,28,0,0,2026-09-02 11:34:52.230
1035,169257,23121,574,0,0,0,0,1,2.0,16,0,0,2026-09-02 11:34:52.230
1036,169257,10100,574,0,0,0,0,1,4.0,17,0,0,2026-09-02 11:34:52.233
1037,169257,7668,574,16,9,4,0,2,3.0,12,0,0,2026-09-02 11:34:52.237
1038,169257,36594,574,28,12,3,2,0,0.0,0,0,0,2026-09-02 11:34:52.240
1039,169257,11959,574,40,28,6,1,0,0.0,0,0,0,2026-09-02 11:34:52.257
1040,169257,31911,574,23,16,2,1,0,0.0,0,0,0,2026-09-02 11:34:52.260
1041,169257,6531,574,6,6,0,0,0,0.0,0,0,0,2026-09-02 11:34:52.260
1042,169257,13983,574,0,0,0,0,0,0.0,0,0,0,2026-09-02 11:34:52.297
1043,169600,1463507,1675,29,28,4,0,1,1.0,8,0,0,2026-09-02 11:34:54.237
1044,169600,33605,1675,90,61,10,0,0,0.0,0,0,0,2026-09-02 11:34:54.240
1045,169600,1463506,1675,19,26,2,0,0,0.0,0,0,0,2026-09-02 11:34:54.240
1046,169600,47955,1675,4,6,0,0,0,4.0,22,0,0,2026-09-02 11:34:54.243
1047,169600,47948,1675,0,0,0,0,1,1.0,11,0,0,2026-09-02 11:34:54.243
1048,169600,1463517,1675,0,0,0,0,0,3.0,20,0,0,2026-09-02 11:34:54.247
1049,169600,47962,1675,0,0,0,0,0,0.0,0,0,0,2026-09-02 11:34:54.250
1050,169600,1463509,1675,0,0,0,0,1,3.0,21,0,0,2026-09-02 11:34:54.250
1051,169600,1478630,1675,0,0,0,0,1,3.0,25,0,0,2026-09-02 11:34:54.253
1052,169600,1478720,1675,0,0,0,0,0,0.0,0,0,0,2026-09-02 11:34:54.257
1053,169600,1478730,1675,0,0,0,0,0,2.0,15,0,0,2026-09-02 11:34:54.257
1054,169600,1429084,1055,0,0,0,0,0,4.0,34,0,0,2026-09-02 11:34:54.260
1055,169600,1429075,1055,0,0,0,0,0,3.0,19,0,0,2026-09-02 11:34:54.260
1056,169600,34219,1055,0,0,0,0,1,4.0,30,0,0,2026-09-02 11:34:54.263
1057,169600,34212,1055,0,0,0,0,0,1.0,7,0,0,2026-09-02 11:34:54.267
1058,169600,49044,1055,0,0,0,0,0,4.0,25,0,0,2026-09-02 11:34:54.267
1059,169600,34193,1055,24,19,3,0,1,3.0,31,0,0,2026-09-02 11:34:54.270
1060,169600,1429070,1055,5,4,0,0,0,1.0,11,0,0,2026-09-02 11:34:54.270
1061,169600,48403,1055,20,21,1,0,0,0.0,0,0,0,2026-09-02 11:34:54.273
1062,169600,34200,1055,28,40,1,0,0,0.0,0,0,0,2026-09-02 11:34:54.277
1063,169600,34172,1055,1,4,0,0,0,0.0,0,0,0,2026-09-02 11:34:54.280
1064,169600,42936,1055,12,17,1,0,0,0.0,0,0,0,2026-09-02 11:34:54.297
1065,129585,8502,9,1,6,0,0,0,0.0,0,0,0,2026-09-02 11:34:56.400
1066,129585,14819,9,31,74,6,0,0,0.0,0,0,0,2026-09-02 11:34:56.400
1067,129585,14813,9,11,9,2,0,0,0.0,0,0,0,2026-09-02 11:34:56.403
1068,129585,8019,9,24,37,3,0,0,0.0,0,0,0,2026-09-02 11:34:56.403
1069,129585,12201,9,34,56,5,0,0,0.0,0,0,0,2026-09-02 11:34:56.407
1070,129585,10385,9,54,70,7,2,0,2.0,0,0,0,2026-09-02 11:34:56.410
1071,129585,13810,9,7,13,1,0,0,0.0,0,0,0,2026-09-02 11:34:56.410
1072,129585,13681,9,7,21,1,0,0,11.0,41,0,0,2026-09-02 11:34:56.413
1073,129585,9531,9,8,15,1,0,4,14.0,24,0,0,2026-09-02 11:34:56.413
1074,129585,11540,9,2,14,0,0,2,15.0,73,0,0,2026-09-02 11:34:56.417
1075,129585,12747,9,12,15,2,0,3,8.5,46,0,0,2026-09-02 11:34:56.420
1076,129585,11298,3,13,16,0,1,5,22.0,57,0,0,2026-09-02 11:34:56.420
1077,129585,19627,3,9,13,1,0,2,14.0,56,0,0,2026-09-02 11:34:56.423
1078,129585,35250,3,8,5,2,0,2,16.2,70,0,0,2026-09-02 11:34:56.427
1079,129585,1476591,3,16,44,2,0,0,2.0,17,0,0,2026-09-02 11:34:56.427
1080,129585,9545,3,26,72,2,0,0,0.0,0,0,0,2026-09-02 11:34:56.430
1081,129585,52677,3,6,14,1,0,0,0.0,0,0,0,2026-09-02 11:34:56.430
1082,129585,12139,3,0,3,0,0,0,0.0,0,0,0,2026-09-02 11:34:56.433
1083,129585,8359,3,6,8,1,0,0,0.0,0,0,0,2026-09-02 11:34:56.437
1084,129585,9812,3,97,122,13,2,0,0.0,0,0,0,2026-09-02 11:34:56.437
1085,129585,9468,3,1,9,0,0,0,0.0,0,0,0,2026-09-02 11:34:56.440
1086,129585,8364,3,0,0,0,0,0,0.0,0,0,0,2026-09-02 11:34:56.500
1087,142486,29417,139,55,82,8,0,1,7.0,26,0,0,2026-09-02 11:34:58.747
1088,142486,10393,139,0,10,0,0,0,0.0,0,0,0,2026-09-02 11:34:58.750
1089,142486,1427839,139,0,10,0,0,0,0.0,0,0,0,2026-09-02 11:34:58.750
1090,142486,9815,139,150,221,24,0,0,0.0,0,0,0,2026-09-02 11:34:58.753
1091,142486,29055,139,10,11,2,0,0,0.0,0,0,0,2026-09-02 11:34:58.757
1092,142486,11209,139,10,15,1,0,0,0.0,0,0,0,2026-09-02 11:34:58.760
1093,142486,14035,139,32,77,6,0,0,0.0,0,0,0,2026-09-02 11:34:58.760
1094,142486,12259,139,9,36,1,0,1,6.0,9,0,0,2026-09-02 11:34:58.763
1095,142486,13157,139,45,68,6,1,1,12.1,49,0,0,2026-09-02 11:34:58.767
1096,142486,8022,139,0,0,0,0,5,13.0,49,0,0,2026-09-02 11:34:58.767
1097,142486,13330,139,0,0,0,0,1,16.0,43,0,0,2026-09-02 11:34:58.770
1098,142486,13327,140,13,40,2,0,3,23.1,74,0,0,2026-09-02 11:34:58.770
1099,142486,6509,140,4,4,1,0,1,19.0,75,0,0,2026-09-02 11:34:58.773
1100,142486,9814,140,10,26,1,0,1,18.0,53,0,0,2026-09-02 11:34:58.777
1101,142486,47987,140,46,54,5,1,1,15.0,46,0,0,2026-09-02 11:34:58.780
1102,142486,13777,140,26,40,3,1,1,12.0,59,0,0,2026-09-02 11:34:58.807
1103,142486,15243,140,20,43,2,0,1,1.0,6,0,0,2026-09-02 11:34:58.810
1104,142486,14821,140,12,13,3,0,0,0.0,0,0,0,2026-09-02 11:34:58.813
1105,142486,8549,140,13,36,3,0,0,0.0,0,0,0,2026-09-02 11:34:58.813
1106,142486,8495,140,8,7,2,0,0,0.0,0,0,0,2026-09-02 11:34:58.857
1107,142486,1460068,140,18,35,2,0,0,0.0,0,0,0,2026-09-02 11:34:58.860
1108,142486,8499,140,3,28,0,0,0,0.0,0,0,0,2026-09-02 11:34:58.877
1109,142497,6536,148,20,40,3,0,0,0.0,0,0,0,2026-09-02 11:35:00.800
1110,142497,9313,148,10,27,2,0,0,0.0,0,0,0,2026-09-02 11:35:00.803
1111,142497,29067,148,14,70,2,0,0,0.0,0,0,0,2026-09-02 11:35:00.807
1112,142497,1429066,148,33,52,5,0,0,0.0,0,0,0,2026-09-02 11:35:00.807
1113,142497,7859,148,120,226,15,1,0,0.0,0,0,0,2026-09-02 11:35:00.810
1114,142497,10954,148,11,37,0,0,1,13.0,41,0,0,2026-09-02 11:35:00.810
1115,142497,11691,148,5,9,1,0,0,0.0,0,0,0,2026-09-02 11:35:00.813
1116,142497,27438,148,44,83,6,0,1,13.0,48,0,0,2026-09-02 11:35:00.817
1117,142497,9392,148,4,20,0,0,0,21.0,59,0,0,2026-09-02 11:35:00.817
1118,142497,12087,148,17,30,2,1,6,22.0,80,0,0,2026-09-02 11:35:00.820
1119,142497,8648,148,0,0,0,0,2,16.0,32,0,0,2026-09-02 11:35:00.820
1120,142497,1461004,148,0,0,0,0,0,0.0,0,0,0,2026-09-02 11:35:00.823
1121,142497,10102,152,1,8,0,0,1,11.0,44,0,0,2026-09-02 11:35:00.827
1122,142497,11541,152,23,30,1,2,1,6.0,21,0,0,2026-09-02 11:35:00.827
1123,142497,1458155,152,0,0,0,0,0,3.0,5,0,0,2026-09-02 11:35:00.830
1124,142497,44424,152,0,2,0,0,1,8.0,24,0,0,2026-09-02 11:35:00.830
1125,142497,12994,152,1,15,0,0,2,27.0,53,0,0,2026-09-02 11:35:00.833
1126,142497,9540,152,8,27,1,0,3,38.0,92,0,0,2026-09-02 11:35:00.837
1127,142497,2239,152,113,191,14,1,0,0.0,0,0,0,2026-09-02 11:35:00.840
1128,142497,11527,152,4,8,1,0,0,1.0,8,0,0,2026-09-02 11:35:00.840
1129,142497,6528,152,22,52,3,0,0,1.0,5,0,0,2026-09-02 11:35:00.843
1130,142497,47658,152,43,85,4,1,0,0.0,0,0,0,2026-09-02 11:35:00.843
1131,142497,10387,152,24,66,2,0,0,7.0,31,0,0,2026-09-02 11:35:00.847
1132,142497,13800,152,21,26,3,0,0,0.0,0,0,0,2026-09-02 11:35:00.850
1133,142506,6511,146,4,7,1,0,0,0.0,0,0,0,2026-09-02 11:35:02.853
1134,142506,19952,146,2,8,0,0,0,0.0,0,0,0,2026-09-02 11:35:02.857
1135,142506,8630,146,49,125,4,0,0,0.0,0,0,0,2026-09-02 11:35:02.857
1136,142506,18430,146,70,131,6,0,0,0.0,0,0,0,2026-09-02 11:35:02.860
1137,142506,15478,146,14,28,2,0,0,5.4,7,0,0,2026-09-02 11:35:02.863
1138,142506,6507,146,1,19,0,0,0,0.0,0,0,0,2026-09-02 11:35:02.863
1139,142506,15239,146,62,73,9,1,0,5.2,5,0,0,2026-09-02 11:35:02.867
1140,142506,11534,146,21,45,2,0,0,0.0,0,0,0,2026-09-02 11:35:02.870
1141,142506,9390,146,1,5,0,0,0,12.0,29,0,0,2026-09-02 11:35:02.870
1142,142506,23976,146,22,20,4,0,0,4.0,12,0,0,2026-09-02 11:35:02.873
1143,142506,18179,146,0,2,0,0,0,8.3,27,0,0,2026-09-02 11:35:02.877
1144,142506,8632,145,0,0,0,0,1,19.0,34,0,0,2026-09-02 11:35:02.877
1145,142506,6657,145,0,0,0,0,2,14.0,44,0,0,2026-09-02 11:35:02.880
1146,142506,42740,145,0,0,0,0,3,12.0,57,0,0,2026-09-02 11:35:02.880
1147,142506,13333,145,0,0,0,0,1,17.0,69,0,0,2026-09-02 11:35:02.883
1148,142506,1428015,145,0,0,0,0,2,11.4,35,0,0,2026-09-02 11:35:02.887
1149,142506,19767,145,0,0,0,0,1,3.0,16,0,0,2026-09-02 11:35:02.887
1150,142506,13933,145,41,107,6,0,0,0.0,0,0,0,2026-09-02 11:35:02.890
1151,142506,29543,145,39,106,7,0,0,0.0,0,0,0,2026-09-02 11:35:02.890
1152,142506,29046,145,0,0,0,0,0,0.0,0,0,0,2026-09-02 11:35:02.910
1153,142506,10745,145,0,0,0,0,0,0.0,0,0,0,2026-09-02 11:35:02.910
1154,142506,9546,145,0,0,0,0,0,0.0,0,0,0,2026-09-02 11:35:02.913
1155,142517,18414,153,39,84,4,0,0,0.0,0,0,0,2026-09-02 11:35:04.783
1156,142517,9320,153,40,64,7,0,0,0.0,0,0,0,2026-09-02 11:35:04.783
1157,142517,19652,153,64,130,7,2,0,0.0,0,0,0,2026-09-02 11:35:04.787
1158,142517,10163,153,36,61,4,0,0,0.0,0,0,0,2026-09-02 11:35:04.790
1159,142517,19647,153,15,22,2,0,0,0.0,0,0,0,2026-09-02 11:35:04.790
1160,142517,2269,153,30,29,2,1,0,0.0,0,0,0,2026-09-02 11:35:04.793
1161,142517,1460971,153,47,20,4,4,0,0.0,0,0,0,2026-09-02 11:35:04.793
1162,142517,15804,153,0,0,0,0,0,8.0,21,0,0,2026-09-02 11:35:04.797
1163,142517,8004,153,0,1,0,0,0,12.0,39,0,0,2026-09-02 11:35:04.800
1164,142517,9203,153,0,0,0,0,2,7.0,7,0,0,2026-09-02 11:35:04.800
1165,142517,47637,153,16,8,1,1,1,4.0,10,0,0,2026-09-02 11:35:04.803
1166,142517,7801,149,0,0,0,0,1,16.0,31,0,0,2026-09-02 11:35:04.807
1167,142517,8366,149,0,0,0,0,1,15.0,42,0,0,2026-09-02 11:35:04.807
1168,142517,13781,149,0,0,0,0,1,12.0,60,0,0,2026-09-02 11:35:04.810
1169,142517,13779,149,0,0,0,0,0,5.0,29,0,0,2026-09-02 11:35:04.810
1170,142517,21091,149,0,3,0,0,0,0.0,0,0,0,2026-09-02 11:35:04.830
1171,142517,11695,149,2,19,0,0,0,0.0,0,0,0,2026-09-02 11:35:04.830
1172,142517,45516,149,8,28,1,0,4,15.0,78,0,0,2026-09-02 11:35:04.833
1173,142517,7664,149,3,21,0,0,0,0.0,0,0,0,2026-09-02 11:35:04.833
1174,142517,10440,149,0,0,0,0,0,0.0,0,0,0,2026-09-02 11:35:04.837
1175,142517,7958,149,0,0,0,0,0,0.0,0,0,0,2026-09-02 11:35:04.840
1176,142517,10435,149,7,12,1,0,1,6.3,51,0,0,2026-09-02 11:35:04.857
1177,142517,20031,153,0,0,0,0,0,2.5,3,0,0,2026-09-02 11:35:04.960
1178,142528,29550,119,48,66,8,0,0,0.0,0,0,0,2026-09-02 11:35:07.040
1179,142528,13013,119,93,171,12,0,0,0.0,0,0,0,2026-09-02 11:35:07.043
1180,142528,1428787,119,24,62,3,0,0,4.0,25,0,0,2026-09-02 11:35:07.047
1181,142528,10694,119,50,129,4,0,0,0.0,0,0,0,2026-09-02 11:35:07.050
1182,142528,10019,119,37,66,6,0,0,0.0,0,0,0,2026-09-02 11:35:07.050
1183,142528,19771,119,27,44,2,0,0,0.0,0,0,0,2026-09-02 11:35:07.053
1184,142528,8511,119,8,11,0,1,0,3.0,9,0,0,2026-09-02 11:35:07.057
1185,142528,7854,119,32,34,4,1,0,3.0,11,0,0,2026-09-02 11:35:07.057
1186,142528,9819,119,0,0,0,0,0,8.0,51,0,0,2026-09-02 11:35:07.060
1187,142528,13069,119,2,5,0,0,1,4.0,17,0,0,2026-09-02 11:35:07.060
1188,142528,8578,119,1,3,0,0,1,7.4,12,0,0,2026-09-02 11:35:07.063
1189,142528,6327,41,0,0,0,0,1,23.0,93,0,0,2026-09-02 11:35:07.067
1190,142528,19526,41,0,0,0,0,2,15.0,48,0,0,2026-09-02 11:35:07.070
1191,142528,18190,41,0,0,0,0,1,17.0,53,0,0,2026-09-02 11:35:07.070
1192,142528,15237,41,0,0,0,0,2,11.0,40,0,0,2026-09-02 11:35:07.073
1193,142528,18189,41,0,0,0,0,1,21.2,66,0,0,2026-09-02 11:35:07.073
1194,142528,18409,41,0,0,0,0,0,7.0,21,0,0,2026-09-02 11:35:07.077
1195,142528,15235,41,15,22,1,1,2,3.0,17,0,0,2026-09-02 11:35:07.080
1196,142528,8640,41,13,27,2,0,0,0.0,0,0,0,2026-09-02 11:35:07.080
1197,142528,11694,41,30,37,5,0,0,0.0,0,0,0,2026-09-02 11:35:07.083
1198,142528,23156,41,0,0,0,0,0,0.0,0,0,0,2026-09-02 11:35:07.100
1199,142528,6653,41,0,0,0,0,0,0.0,0,0,0,2026-09-02 11:35:07.120
1200,143110,15369,144,5,13,1,0,0,0.0,0,0,0,2026-09-02 11:35:09.600
1201,143110,11426,144,15,52,1,0,0,0.0,0,0,0,2026-09-02 11:35:09.603
1202,143110,14580,144,38,62,6,0,0,0.0,0,0,0,2026-09-02 11:35:09.603
1203,143110,6808,144,32,43,5,0,0,0.0,0,0,0,2026-09-02 11:35:09.607
1204,143110,13989,144,18,53,2,0,0,0.0,0,0,0,2026-09-02 11:35:09.610
1205,143110,13943,144,0,0,0,0,0,0.0,0,0,0,2026-09-02 11:35:09.610
1206,143110,13824,144,0,0,0,0,0,0.0,0,0,0,2026-09-02 11:35:09.613
1207,143110,18169,144,0,0,0,0,0,0.0,0,0,0,2026-09-02 11:35:09.613
1208,143110,24685,144,0,0,0,0,0,0.0,0,0,0,2026-09-02 11:35:09.617
1209,143110,46023,144,0,0,0,0,0,0.0,0,0,0,2026-09-02 11:35:09.620
1210,143110,1478747,144,0,0,0,0,0,0.0,0,0,0,2026-09-02 11:35:09.620
1211,143110,6662,74,0,0,0,0,2,9.0,24,0,0,2026-09-02 11:35:09.623
1212,143110,9816,74,0,0,0,0,0,11.0,28,0,0,2026-09-02 11:35:09.623
1213,143110,9321,74,0,0,0,0,0,8.0,23,0,0,2026-09-02 11:35:09.627
1214,143110,1452938,74,0,0,0,0,1,7.0,31,0,0,2026-09-02 11:35:09.630
1215,143110,6651,74,0,0,0,0,0,0.0,0,0,0,2026-09-02 11:35:09.637
1216,143110,13329,74,0,0,0,0,0,0.0,0,0,0,2026-09-02 11:35:09.637
1217,143110,10448,74,0,0,0,0,0,0.0,0,0,0,2026-09-02 11:35:09.640
1218,143110,11398,74,0,0,0,0,0,0.0,0,0,0,2026-09-02 11:35:09.640
1219,143110,19612,74,0,0,0,0,0,0.0,0,0,0,2026-09-02 11:35:09.643
1220,143110,18365,74,0,0,0,0,0,0.0,0,0,0,2026-09-02 11:35:09.660
1221,143110,8567,74,0,0,0,0,0,2.0,4,0,0,2026-09-02 11:35:09.660
1222,143121,15479,150,53,125,8,0,0,0.0,0,0,0,2026-09-02 11:35:11.643
1223,143121,12770,150,89,120,13,1,0,0.0,0,0,0,2026-09-02 11:35:11.647
1224,143121,7996,150,11,31,2,0,0,0.0,0,0,0,2026-09-02 11:35:11.650
1225,143121,19546,150,8,5,2,0,0,7.0,55,0,0,2026-09-02 11:35:11.650
1226,143121,7856,150,70,109,8,0,0,0.0,0,0,0,2026-09-02 11:35:11.653
1227,143121,19916,150,15,21,3,0,0,0.0,0,0,0,2026-09-02 11:35:11.653
1228,143121,1428294,150,19,22,2,1,1,17.0,77,0,0,2026-09-02 11:35:11.657
1229,143121,13119,150,3,12,0,0,2,19.0,57,0,0,2026-09-02 11:35:11.660
1230,143121,12592,150,3,12,0,0,1,20.0,71,0,0,2026-09-02 11:35:11.660
1231,143121,13678,150,37,88,5,0,0,7.0,19,0,0,2026-09-02 11:35:11.663
1232,143121,10395,150,0,13,0,0,2,27.1,158,0,0,2026-09-02 11:35:11.667
1233,143121,6513,142,0,0,0,0,2,23.0,71,0,0,2026-09-02 11:35:11.670
1234,143121,13613,142,0,0,0,0,2,15.0,62,0,0,2026-09-02 11:35:11.670
1235,143121,6725,142,28,70,5,0,2,10.3,42,0,0,2026-09-02 11:35:11.673
1236,143121,7910,142,0,0,0,0,2,19.0,58,0,0,2026-09-02 11:35:11.677
1237,143121,20086,142,48,69,4,0,1,10.0,56,0,0,2026-09-02 11:35:11.677
1238,143121,18415,142,21,32,3,0,1,14.0,39,0,0,2026-09-02 11:35:11.680
1239,143121,13276,142,119,164,15,2,0,0.0,0,0,0,2026-09-02 11:35:11.683
1240,143121,13346,142,109,150,8,1,0,0.0,0,0,0,2026-09-02 11:35:11.723
1241,143121,10400,142,72,74,9,0,0,0.0,0,0,0,2026-09-02 11:35:11.727
1242,143121,10923,142,24,30,2,1,0,0.0,0,0,0,2026-09-02 11:35:11.747
1243,143121,10031,142,0,1,0,0,0,0.0,0,0,0,2026-09-02 11:35:11.747
1244,143130,9330,143,2,9,0,0,0,0.0,0,0,0,2026-09-02 11:35:13.693
1245,143130,47654,143,0,3,0,0,0,0.0,0,0,0,2026-09-02 11:35:13.693
1246,143130,12724,143,0,0,0,0,0,0.0,0,0,0,2026-09-02 11:35:13.697
1247,143130,7776,143,0,0,0,0,0,0.0,0,0,0,2026-09-02 11:35:13.700
1248,143130,1427821,143,0,0,0,0,0,0.0,0,0,0,2026-09-02 11:35:13.700
1249,143130,1460978,143,0,0,0,0,0,0.0,0,0,0,2026-09-02 11:35:13.703
1250,143130,1478477,143,0,0,0,0,1,11.0,51,0,0,2026-09-02 11:35:13.707
1251,143130,15233,143,0,0,0,0,4,19.0,78,0,0,2026-09-02 11:35:13.707
1252,143130,14545,143,0,0,0,0,0,9.0,31,0,0,2026-09-02 11:35:13.710
1253,143130,9334,143,0,0,0,0,2,15.0,51,0,0,2026-09-02 11:35:13.710
1254,143130,19997,143,0,0,0,0,0,8.0,51,0,0,2026-09-02 11:35:13.713
1255,143130,10030,147,20,12,1,2,0,1.0,1,0,0,2026-09-02 11:35:13.717
1256,143130,13048,147,0,0,0,0,0,1.0,1,0,0,2026-09-02 11:35:13.717
1257,143130,16433,147,63,55,6,3,4,10.2,37,0,0,2026-09-02 11:35:13.720
1258,143130,10441,147,9,11,1,0,1,13.0,42,0,0,2026-09-02 11:35:13.720
1259,143130,20076,147,0,0,0,0,3,8.0,27,0,0,2026-09-02 11:35:13.723
1260,143130,1461352,147,0,4,0,0,0,0.0,0,0,0,2026-09-02 11:35:13.727
1261,143130,10104,147,56,120,4,0,0,0.0,0,0,0,2026-09-02 11:35:13.727
1262,143130,46870,147,42,111,6,0,0,0.0,0,0,0,2026-09-02 11:35:13.730
1263,143130,10444,147,0,2,0,0,0,0.0,0,0,0,2026-09-02 11:35:13.730
1264,143130,7949,147,45,44,4,1,0,0.0,0,0,0,2026-09-02 11:35:13.733
1265,143130,20037,147,15,19,3,0,0,0.0,0,0,0,2026-09-02 11:35:13.750
1266,143141,8489,151,46,118,7,0,0,0.0,0,0,0,2026-09-02 11:35:15.643
1267,143141,45313,151,0,5,0,0,0,0.0,0,0,0,2026-09-02 11:35:15.643
1268,143141,19667,151,3,11,0,0,0,1.0,4,0,0,2026-09-02 11:35:15.647
1269,143141,9389,151,58,106,8,0,0,0.0,0,0,0,2026-09-02 11:35:15.650
1270,143141,11750,151,31,51,4,0,0,0.0,0,0,0,2026-09-02 11:35:15.650
1271,143141,49268,151,5,19,1,0,0,0.0,0,0,0,2026-09-02 11:35:15.653
1272,143141,1461069,151,0,14,0,0,2,11.0,52,0,0,2026-09-02 11:35:15.657
1273,143141,29410,151,18,37,3,0,2,15.0,61,0,0,2026-09-02 11:35:15.657
1274,143141,11595,151,29,33,2,2,2,23.0,66,0,0,2026-09-02 11:35:15.660
1275,143141,29055,151,11,25,1,0,1,19.0,93,0,0,2026-09-02 11:35:15.660
1276,143141,48151,151,36,22,6,1,3,20.1,89,0,0,2026-09-02 11:35:15.663
1277,143141,12777,141,4,6,1,0,1,15.0,40,0,0,2026-09-02 11:35:15.667
1278,143141,11436,141,0,0,0,0,2,13.0,44,0,0,2026-09-02 11:35:15.670
1279,143141,6557,141,0,0,0,0,0,17.0,35,0,0,2026-09-02 11:35:15.670
1280,143141,9362,141,0,0,0,0,1,6.3,27,0,0,2026-09-02 11:35:15.670
1281,143141,15234,141,0,0,0,0,4,15.0,47,0,0,2026-09-02 11:35:15.673
1282,143141,8345,141,0,0,0,0,0,0.0,0,0,0,2026-09-02 11:35:15.677
1283,143141,42733,141,0,0,0,0,0,0.0,0,0,0,2026-09-02 11:35:15.680
1284,143141,14265,141,0,0,0,0,0,0.0,0,0,0,2026-09-02 11:35:15.697
1285,143141,10020,141,0,0,0,0,0,0.0,0,0,0,2026-09-02 11:35:15.710
1286,143141,9725,141,0,0,0,0,2,7.0,45,0,0,2026-09-02 11:35:15.713
1287,143141,12793,141,0,0,0,0,0,0.0,0,0,0,2026-09-02 11:35:15.717
1288,169253,1114,577,31,21,6,0,0,0.0,0,0,0,2026-09-02 11:35:17.997
1289,169253,23471,577,12,7,2,0,0,0.0,0,0,0,2026-09-02 11:35:18.000
1290,169253,9838,577,9,12,0,0,0,0.0,0,0,0,2026-09-02 11:35:18.000
1291,169253,11131,577,0,1,0,0,0,0.0,0,0,0,2026-09-02 11:35:18.003
1292,169253,9976,577,54,33,6,2,0,0.0,0,0,0,2026-09-02 11:35:18.003
1293,169253,7662,577,60,38,2,4,0,0.0,0,0,0,2026-09-02 11:35:18.007
1294,169253,6532,577,9,7,0,1,1,4.0,30,0,0,2026-09-02 11:35:18.010
1295,169253,10449,577,2,2,0,0,2,4.0,26,0,0,2026-09-02 11:35:18.010
1296,169253,12783,577,0,0,0,0,2,4.0,26,0,0,2026-09-02 11:35:18.013
1297,169253,23506,577,0,0,0,0,2,4.0,23,0,0,2026-09-02 11:35:18.013
1298,169253,9748,577,0,0,0,0,1,4.0,24,0,0,2026-09-02 11:35:18.017
1299,169253,6647,576,25,22,3,0,3,4.0,43,0,0,2026-09-02 11:35:18.017
1300,169253,1463082,576,17,12,1,1,1,4.0,36,0,0,2026-09-02 11:35:18.020
1301,169253,11128,576,0,3,0,0,2,4.0,42,0,0,2026-09-02 11:35:18.020
1302,169253,1593,576,15,17,2,0,1,4.0,23,0,0,2026-09-02 11:35:18.023
1303,169253,6329,576,35,22,1,3,0,4.0,37,0,0,2026-09-02 11:35:18.027
1304,169253,11130,576,0,2,0,0,0,0.0,0,0,0,2026-09-02 11:35:18.027
1305,169253,18987,576,9,8,0,1,0,0.0,0,0,0,2026-09-02 11:35:18.030
1306,169253,20241,576,13,8,1,1,0,0.0,0,0,0,2026-09-02 11:35:18.030
1307,169253,10713,576,3,4,0,0,0,0.0,0,0,0,2026-09-02 11:35:18.033
1308,169253,8204,576,3,9,0,0,0,0.0,0,0,0,2026-09-02 11:35:18.037
1309,169253,16119,576,6,14,0,0,0,0.0,0,0,0,2026-09-02 11:35:18.037
1310,169590,1426685,1987,6,10,0,0,0,0.0,0,0,0,2026-09-02 11:35:19.723
1311,169590,1426741,1987,4,6,0,0,0,1.0,12,0,0,2026-09-02 11:35:19.723
1312,169590,1426714,1987,4,9,0,0,0,0.5,12,0,0,2026-09-02 11:35:19.727
1313,169590,1456428,1987,7,14,0,0,2,2.0,13,0,0,2026-09-02 11:35:19.730
1314,169590,1476060,1987,4,6,0,0,0,0.0,0,0,0,2026-09-02 11:35:19.730
1315,169590,1475977,1987,1,5,0,0,0,1.0,17,0,0,2026-09-02 11:35:19.733
1316,169590,1427045,1987,4,18,0,0,0,0.0,0,0,0,2026-09-02 11:35:19.737
1317,169590,1456402,1987,0,3,0,0,0,0.0,0,0,0,2026-09-02 11:35:19.737
1318,169590,1427043,1987,8,8,1,0,0,0.0,0,0,0,2026-09-02 11:35:19.740
1319,169590,1475987,1987,1,6,0,0,0,1.0,9,0,0,2026-09-02 11:35:19.740
1320,169590,1452569,1987,0,0,0,0,0,0.0,0,0,0,2026-09-02 11:35:19.743
1321,169590,45757,902,0,0,0,0,3,3.0,5,0,0,2026-09-02 11:35:19.747
1322,169590,45764,902,0,2,0,0,2,3.3,17,0,0,2026-09-02 11:35:19.747
1323,169590,1457999,902,7,8,0,0,2,3.0,12,0,0,2026-09-02 11:35:19.750
1324,169590,1478693,902,0,0,0,0,0,1.0,8,0,0,2026-09-02 11:35:19.750
1325,169590,1463548,902,17,8,2,0,1,1.0,13,0,0,2026-09-02 11:35:19.753
1326,169590,1458012,902,0,0,0,0,0,1.0,4,0,0,2026-09-02 11:35:19.753
1327,169590,1478703,902,0,0,0,0,0,1.0,2,0,0,2026-09-02 11:35:19.757
1328,169590,1457990,902,27,19,4,0,0,0.0,0,0,0,2026-09-02 11:35:19.760
1329,169590,1457979,902,0,0,0,0,0,0.0,0,0,0,2026-09-02 11:35:19.807
1330,169590,1458021,902,0,0,0,0,0,0.0,0,0,0,2026-09-02 11:35:19.820
1331,169590,1478691,902,0,0,0,0,0,0.0,0,0,0,2026-09-02 11:35:19.837
1332,169587,47794,1668,1,5,0,0,1,2.0,22,0,0,2026-09-02 11:35:21.507
1333,169587,50257,1668,6,15,0,0,0,0.0,0,0,0,2026-09-02 11:35:21.510
1334,169587,47808,1668,1,3,0,0,0,0.0,0,0,0,2026-09-02 11:35:21.510
1335,169587,50236,1668,17,36,1,0,0,0.0,0,0,0,2026-09-02 11:35:21.513
1336,169587,1478673,1668,4,8,0,0,0,0.0,0,0,0,2026-09-02 11:35:21.517
1337,169587,47840,1668,1,5,0,0,0,3.0,24,0,0,2026-09-02 11:35:21.517
1338,169587,50264,1668,6,8,0,0,0,1.0,10,0,0,2026-09-02 11:35:21.520
1339,169587,1452809,1668,0,4,0,0,0,0.0,0,0,0,2026-09-02 11:35:21.520
1340,169587,47843,1668,3,6,0,0,0,0.0,0,0,0,2026-09-02 11:35:21.523
1341,169587,1470503,1668,0,2,0,0,0,0.0,0,0,0,2026-09-02 11:35:21.527
1342,169587,1478681,1668,0,0,0,0,0,0.0,0,0,0,2026-09-02 11:35:21.527
1343,169587,34233,1209,4,3,1,0,1,4.0,8,0,0,2026-09-02 11:35:21.530
1344,169587,1452155,1209,0,0,0,0,2,3.0,9,0,0,2026-09-02 11:35:21.533
1345,169587,34289,1209,0,0,0,0,0,3.0,15,0,0,2026-09-02 11:35:21.533
1346,169587,47787,1209,0,0,0,0,5,4.0,10,0,0,2026-09-02 11:35:21.537
1347,169587,1478577,1209,0,0,0,0,1,1.0,4,0,0,2026-09-02 11:35:21.540
1348,169587,1462500,1209,24,20,3,0,0,0.0,0,0,0,2026-09-02 11:35:21.560
1349,169587,1478561,1209,19,15,3,0,0,0.0,0,0,0,2026-09-02 11:35:21.563
1350,169587,34240,1209,0,0,0,0,0,0.0,0,0,0,2026-09-02 11:35:21.580
1351,169587,1478640,1209,0,0,0,0,0,0.0,0,0,0,2026-09-02 11:35:21.580
1352,169587,34298,1209,0,0,0,0,0,0.0,0,0,0,2026-09-02 11:35:21.617
1353,169587,1478683,1209,0,0,0,0,0,0.0,0,0,0,2026-09-02 11:35:21.633
1354,154485,9443,263,105,61,9,5,0,0.0,0,0,0,2026-09-02 11:35:23.490
1355,154485,1477391,263,25,17,5,0,0,0.0,0,0,0,2026-09-02 11:35:23.513
1356,154485,8431,263,27,17,5,0,0,0.0,0,0,0,2026-09-02 11:35:23.540
1357,154485,10934,263,33,21,2,3,0,2.0,19,0,0,2026-09-02 11:35:23.563
1358,154485,9706,263,8,4,1,0,0,0.0,0,0,0,2026-09-02 11:35:23.567
1359,154485,15809,263,0,0,0,0,1,4.0,31,0,0,2026-09-02 11:35:23.567
1360,154485,11543,263,0,0,0,0,3,4.0,24,0,0,2026-09-02 11:35:23.570
1361,154485,1477401,263,0,0,0,0,0,0.0,0,0,0,2026-09-02 11:35:23.593
1362,154485,15063,263,0,0,0,0,1,3.0,25,0,0,2026-09-02 11:35:23.597
1363,154485,18504,263,0,0,0,0,0,4.0,49,0,0,2026-09-02 11:35:23.617
1364,154485,1456820,263,0,0,0,0,1,3.0,26,0,0,2026-09-02 11:35:23.620
1365,154485,8435,271,0,0,0,0,0,4.0,39,0,0,2026-09-02 11:35:23.627
1366,154485,13750,271,0,3,0,0,0,3.0,53,0,0,2026-09-02 11:35:23.650
1367,154485,2276,271,25,14,0,3,1,4.0,27,0,0,2026-09-02 11:35:23.653
1368,154485,55799,271,0,0,0,0,1,4.0,31,0,0,2026-09-02 11:35:23.657
1369,154485,657,271,65,26,6,5,1,3.0,24,0,0,2026-09-02 11:35:23.660
1370,154485,1477381,271,0,0,0,0,0,2.0,33,0,0,2026-09-02 11:35:23.683
1371,154485,8085,271,48,35,6,2,0,0.0,0,0,0,2026-09-02 11:35:23.693
1372,154485,13089,271,0,1,0,0,0,0.0,0,0,0,2026-09-02 11:35:23.743
1373,154485,9406,271,0,2,0,0,0,0.0,0,0,0,2026-09-02 11:35:23.760
1374,154485,46681,271,15,26,0,0,0,0.0,0,0,0,2026-09-02 11:35:23.773
1375,154485,11211,271,16,13,2,0,0,0.0,0,0,0,2026-09-02 11:35:23.830
1376,167030,12567,368,48,34,5,2,0,0.0,0,0,0,2026-09-02 11:35:25.947
1377,167030,12626,368,66,44,8,1,0,0.0,0,0,0,2026-09-02 11:35:25.970
1378,167030,46559,368,12,8,1,0,0,0.0,0,0,0,2026-09-02 11:35:25.987
1379,167030,1427488,368,12,8,2,0,0,0.0,0,0,0,2026-09-02 11:35:25.990
1380,167030,10226,368,34,18,3,2,0,0.0,0,0,0,2026-09-02 11:35:26.007
1381,167030,1457020,368,4,7,0,0,1,2.0,25,0,0,2026-09-02 11:35:26.027
1382,167030,51949,368,0,1,0,0,0,0.0,0,0,0,2026-09-02 11:35:26.043
1383,167030,12930,368,0,0,0,0,4,4.0,11,0,0,2026-09-02 11:35:26.063
1384,167030,19861,368,0,0,0,0,0,3.0,22,0,0,2026-09-02 11:35:26.083
1385,167030,12636,368,0,0,0,0,0,1.0,11,0,0,2026-09-02 11:35:26.087
1386,167030,12927,368,0,0,0,0,3,4.0,14,0,0,2026-09-02 11:35:26.090
1387,167030,11613,410,0,1,0,0,1,4.0,23,0,0,2026-09-02 11:35:26.107
1388,167030,27331,410,0,0,0,0,1,4.0,42,0,0,2026-09-02 11:35:26.130
1389,167030,13857,410,16,14,2,0,0,3.0,34,0,0,2026-09-02 11:35:26.133
1390,167030,10363,410,6,8,1,0,0,1.0,10,0,0,2026-09-02 11:35:26.157
1391,167030,15294,410,11,16,1,0,0,3.0,25,0,0,2026-09-02 11:35:26.170
1392,167030,11631,410,1,10,0,0,0,1.0,16,0,0,2026-09-02 11:35:26.183
1393,167030,11649,410,7,14,1,0,3,4.0,29,0,0,2026-09-02 11:35:26.187
1394,167030,19901,410,0,1,0,0,0,0.0,0,0,0,2026-09-02 11:35:26.190
1395,167030,13872,410,48,27,9,0,0,0.0,0,0,0,2026-09-02 11:35:26.193
1396,167030,11678,410,0,1,0,0,0,0.0,0,0,0,2026-09-02 11:35:26.207
1397,167030,10674,410,0,1,0,0,0,0.0,0,0,0,2026-09-02 11:35:26.220
1398,167030,10916,410,0,1,0,0,0,0.0,0,0,0,2026-09-02 11:35:26.247
1399,167030,13881,368,0,0,0,0,2,1.4,14,0,0,2026-09-02 11:35:26.367
1400,169217,14689,2631,57,32,7,3,0,0.0,0,0,0,2026-09-02 11:35:27.953
1401,169217,1447285,2631,12,8,3,0,0,0.0,0,0,0,2026-09-02 11:35:27.953
1402,169217,1477880,2631,42,26,6,2,0,0.0,0,0,0,2026-09-02 11:35:27.957
1403,169217,1460938,2631,5,10,0,0,0,0.0,0,0,0,2026-09-02 11:35:27.960
1404,169217,1459427,2631,12,8,0,1,0,0.0,0,0,0,2026-09-02 11:35:27.960
1405,169217,9954,2631,19,14,0,2,0,3.0,34,0,0,2026-09-02 11:35:27.963
1406,169217,12624,2631,5,4,1,0,0,3.5,44,0,0,2026-09-02 11:35:27.963
1407,169217,1477867,2631,12,7,2,0,0,0.0,0,0,0,2026-09-02 11:35:27.967
1408,169217,16864,2631,2,3,0,0,0,1.0,9,0,0,2026-09-02 11:35:27.967
1409,169217,1477870,2631,5,5,1,0,1,2.0,27,0,0,2026-09-02 11:35:27.970
1410,169217,9715,2631,1,1,0,0,0,2.0,23,0,0,2026-09-02 11:35:27.970
1411,169217,1459321,2645,0,0,0,0,3,3.4,47,0,0,2026-09-02 11:35:27.973
1412,169217,1447085,2645,0,0,0,0,0,2.0,26,0,0,2026-09-02 11:35:27.977
1413,169217,9507,2645,0,0,0,0,1,3.0,27,0,0,2026-09-02 11:35:27.977
1414,169217,1448289,2645,0,0,0,0,2,4.0,36,0,0,2026-09-02 11:35:27.980
1415,169217,1460806,2645,0,0,0,0,2,4.0,25,0,0,2026-09-02 11:35:27.980
1416,169217,24256,2645,82,32,6,8,2,2.0,14,0,0,2026-09-02 11:35:27.983
1417,169217,13252,2645,2,5,0,0,0,1.0,3,0,0,2026-09-02 11:35:27.983
1418,169217,1477817,2645,36,23,5,1,0,0.0,0,0,0,2026-09-02 11:35:27.987
1419,169217,14079,2645,5,4,1,0,0,0.0,0,0,0,2026-09-02 11:35:27.987
1420,169217,13135,2645,52,25,3,5,0,0.0,0,0,0,2026-09-02 11:35:28.003
1421,169217,15718,2645,0,0,0,0,0,0.0,0,0,0,2026-09-02 11:35:28.020
1422,169217,1459354,2631,0,0,0,0,1,3.0,42,0,0,2026-09-02 11:35:28.143
1423,169250,10424,572,25,15,4,0,0,0.0,0,0,0,2026-09-02 11:35:31.203
1424,169250,1424075,572,5,4,1,0,0,0.0,0,0,0,2026-09-02 11:35:31.207
1425,169250,13273,572,75,53,7,2,0,2.0,15,0,0,2026-09-02 11:35:31.210
1426,169250,18143,572,17,20,0,1,0,2.0,27,0,0,2026-09-02 11:35:31.210
1427,169250,13169,572,1,3,0,0,0,0.0,0,0,0,2026-09-02 11:35:31.213
1428,169250,13272,572,17,14,2,0,0,0.0,0,0,0,2026-09-02 11:35:31.217
1429,169250,9551,572,1,3,0,0,0,1.0,7,0,0,2026-09-02 11:35:31.243
1430,169250,15205,572,4,5,0,0,0,2.0,17,0,0,2026-09-02 11:35:31.247
1431,169250,51018,572,2,3,0,0,3,4.0,34,0,0,2026-09-02 11:35:31.250
1432,169250,6834,572,2,3,0,0,0,4.0,29,0,0,2026-09-02 11:35:31.250
1433,169250,10477,572,0,0,0,0,1,3.1,28,0,0,2026-09-02 11:35:31.253
1434,169250,1475178,573,0,0,0,0,0,3.0,30,0,0,2026-09-02 11:35:31.257
1435,169250,9983,573,0,0,0,0,1,2.0,18,0,0,2026-09-02 11:35:31.260
1436,169250,8589,573,27,17,3,0,2,4.0,28,0,0,2026-09-02 11:35:31.260
1437,169250,11427,573,0,0,0,0,2,4.0,26,0,0,2026-09-02 11:35:31.263
1438,169250,1669,573,0,0,0,0,2,4.0,21,0,0,2026-09-02 11:35:31.293
1439,169250,12612,573,1,3,0,0,0,2.0,17,0,0,2026-09-02 11:35:31.297
1440,169250,14500,573,30,18,3,1,0,1.0,15,0,0,2026-09-02 11:35:31.300
1441,169250,45659,573,4,5,0,0,0,0.0,0,0,0,2026-09-02 11:35:31.300
1442,169250,7825,573,83,55,7,2,0,0.0,0,0,0,2026-09-02 11:35:31.303
1443,169250,9453,573,8,9,1,0,0,0.0,0,0,0,2026-09-02 11:35:31.307
1444,169250,10209,573,0,3,0,0,0,0.0,0,0,0,2026-09-02 11:35:31.310
1445,169577,29559,775,30,40,2,0,4,1.5,2,0,0,2026-09-02 11:35:33.913
1446,169577,43384,775,1,1,0,0,0,0.0,0,0,0,2026-09-02 11:35:33.927
1447,169577,18279,775,7,7,0,0,2,1.0,2,0,0,2026-09-02 11:35:33.940
1448,169577,47623,775,12,17,0,0,0,0.0,0,0,0,2026-09-02 11:35:33.953
1449,169577,1430801,775,0,10,0,0,0,0.0,0,0,0,2026-09-02 11:35:33.957
1450,169577,1462851,775,2,3,0,0,0,2.0,9,0,0,2026-09-02 11:35:33.957
1451,169577,49515,775,6,29,0,0,0,0.0,0,0,0,2026-09-02 11:35:33.960
1452,169577,25385,775,0,5,0,0,3,2.0,5,0,0,2026-09-02 11:35:33.987
1453,169577,1456459,775,1,9,0,0,0,0.0,0,0,0,2026-09-02 11:35:34.003
1454,169577,25392,775,0,2,0,0,0,0.0,0,0,0,2026-09-02 11:35:34.007
1455,169577,1478651,775,0,0,0,0,0,0.0,0,0,0,2026-09-02 11:35:34.030
1456,169577,46919,1104,0,1,0,0,1,4.0,22,0,0,2026-09-02 11:35:34.040
1457,169577,27604,1104,5,7,0,0,1,4.0,16,0,0,2026-09-02 11:35:34.060
1458,169577,27606,1104,1,1,0,0,0,3.0,31,0,0,2026-09-02 11:35:34.060
1459,169577,1474594,1104,0,2,0,0,1,3.0,15,0,0,2026-09-02 11:35:34.063
1460,169577,1474583,1104,1,5,0,0,0,3.0,7,0,0,2026-09-02 11:35:34.067
1461,169577,1478601,1104,0,1,0,0,2,3.0,12,0,0,2026-09-02 11:35:34.067
1462,169577,27543,1104,3,7,0,0,0,0.0,0,0,0,2026-09-02 11:35:34.090
1463,169577,1429185,1104,0,1,0,0,0,0.0,0,0,0,2026-09-02 11:35:34.113
1464,169577,27569,1104,5,10,1,0,0,0.0,0,0,0,2026-09-02 11:35:34.197
1465,169577,46912,1104,0,4,0,0,0,0.0,0,0,0,2026-09-02 11:35:34.210
1466,169577,1429158,1104,1,2,0,0,0,0.0,0,0,0,2026-09-02 11:35:34.250
1467,169570,1463507,1675,40,52,1,0,1,2.0,19,0,0,2026-09-02 11:35:36.950
1468,169570,33605,1675,62,67,5,0,0,0.0,0,0,0,2026-09-02 11:35:36.980
1469,169570,1463506,1675,0,1,0,0,0,0.0,0,0,0,2026-09-02 11:35:37.003
1470,169570,47955,1675,0,1,0,0,2,3.0,24,0,0,2026-09-02 11:35:37.007
1471,169570,1463517,1675,0,0,0,0,1,2.0,27,0,0,2026-09-02 11:35:37.010
1472,169570,47948,1675,0,0,0,0,1,1.2,7,0,0,2026-09-02 11:35:37.010
1473,169570,1478631,1675,0,0,0,0,0,0.0,0,0,0,2026-09-02 11:35:37.043
1474,169570,47962,1675,0,0,0,0,0,0.0,0,0,0,2026-09-02 11:35:37.067
1475,169570,1463540,1675,0,0,0,0,0,0.0,0,0,0,2026-09-02 11:35:37.090
1476,169570,1463509,1675,0,0,0,0,0,2.0,21,0,0,2026-09-02 11:35:37.110
1477,169570,1478630,1675,0,0,0,0,2,3.0,29,0,0,2026-09-02 11:35:37.130
1478,169570,34233,1209,71,43,10,2,0,3.0,16,0,0,2026-09-02 11:35:37.140
1479,169570,1452155,1209,6,11,0,0,0,4.0,27,0,0,2026-09-02 11:35:37.160
1480,169570,47787,1209,0,1,0,0,0,3.0,18,0,0,2026-09-02 11:35:37.160
1481,169570,1478577,1209,2,4,0,0,0,4.0,30,0,0,2026-09-02 11:35:37.177
1482,169570,34298,1209,2,6,0,0,0,2.0,9,0,0,2026-09-02 11:35:37.190
1483,169570,1478640,1209,0,0,0,0,2,4.0,24,0,0,2026-09-02 11:35:37.190
1484,169570,1462500,1209,7,7,1,0,0,0.0,0,0,0,2026-09-02 11:35:37.230
1485,169570,1478561,1209,0,1,0,0,0,0.0,0,0,0,2026-09-02 11:35:37.233
1486,169570,34240,1209,4,10,0,0,0,0.0,0,0,0,2026-09-02 11:35:37.237
1487,169570,1478571,1209,0,1,0,0,0,0.0,0,0,0,2026-09-02 11:35:37.250
1488,169570,34289,1209,0,0,0,0,0,0.0,0,0,0,2026-09-02 11:35:37.303
1489,169213,1446957,2590,0,3,0,0,0,0.0,0,0,0,2026-09-02 11:35:39.613
1490,169213,1459452,2590,67,42,8,2,0,0.0,0,0,0,2026-09-02 11:35:39.630
1491,169213,1459515,2590,11,11,1,0,0,0.0,0,0,0,2026-09-02 11:35:39.647
1492,169213,1459430,2590,9,9,1,0,0,0.0,0,0,0,2026-09-02 11:35:39.677
1493,169213,1429684,2590,57,33,3,4,0,0.0,0,0,0,2026-09-02 11:35:39.690
1494,169213,1459288,2590,8,10,0,1,0,0.0,0,0,0,2026-09-02 11:35:39.693
1495,169213,10913,2590,6,4,1,0,2,4.0,33,0,0,2026-09-02 11:35:39.697
1496,169213,10373,2590,11,6,1,1,1,4.0,36,0,0,2026-09-02 11:35:39.720
1497,169213,19177,2590,7,3,0,1,2,2.4,31,0,0,2026-09-02 11:35:39.723
1498,169213,1478327,2590,0,0,0,0,1,1.0,11,0,0,2026-09-02 11:35:39.727
1499,169213,1429732,2590,0,0,0,0,1,4.0,38,0,0,2026-09-02 11:35:39.730
1500,169213,53510,2620,2,3,0,0,1,4.0,41,0,0,2026-09-02 11:35:39.740
1501,169213,13138,2620,0,0,0,0,0,4.0,33,0,0,2026-09-02 11:35:39.767
1502,169213,1458925,2620,2,3,0,0,0,1.0,22,0,0,2026-09-02 11:35:39.793
1503,169213,1459394,2620,59,35,9,1,2,4.0,36,0,0,2026-09-02 11:35:39.793
1504,169213,12639,2620,4,4,0,0,1,3.0,26,0,0,2026-09-02 11:35:39.797
1505,169213,1458991,2620,0,1,0,0,3,4.0,25,0,0,2026-09-02 11:35:39.800
1506,169213,10893,2620,8,7,2,0,0,0.0,0,0,0,2026-09-02 11:35:39.847
1507,169213,1458987,2620,2,4,0,0,0,0.0,0,0,0,2026-09-02 11:35:39.873
1508,169213,1460916,2620,14,16,2,0,0,0.0,0,0,0,2026-09-02 11:35:39.890
1509,169213,12619,2620,23,20,3,0,0,0.0,0,0,0,2026-09-02 11:35:39.890
1510,169213,1458968,2620,1,2,0,0,0,0.0,0,0,0,2026-09-02 11:35:39.893
1511,169213,1429626,2620,52,24,5,4,0,0.0,0,0,0,2026-09-02 11:35:39.957
1512,169213,1459475,2590,0,0,0,0,3,4.0,29,0,0,2026-09-02 11:35:40.227
1513,169561,18279,775,0,2,0,0,0,0.3,8,0,0,2026-09-02 11:35:42.653
1514,169561,29559,775,8,19,0,0,0,1.0,5,0,0,2026-09-02 11:35:42.670
1515,169561,1462851,775,0,2,0,0,0,0.2,2,0,0,2026-09-02 11:35:42.673
1516,169561,43384,775,3,5,0,0,0,0.0,0,0,0,2026-09-02 11:35:42.687
1517,169561,47623,775,5,13,0,0,0,1.4,16,0,0,2026-09-02 11:35:42.703
1518,169561,25385,775,0,1,0,0,2,2.0,7,0,0,2026-09-02 11:35:42.717
1519,169561,49515,775,0,2,0,0,0,0.0,0,0,0,2026-09-02 11:35:42.720
1520,169561,1430801,775,0,2,0,0,0,0.0,0,0,0,2026-09-02 11:35:42.720
1521,169561,1456459,775,0,2,0,0,0,0.0,0,0,0,2026-09-02 11:35:42.743
1522,169561,1478620,775,0,1,0,0,0,0.0,0,0,0,2026-09-02 11:35:42.767
1523,169561,25392,775,0,0,0,0,0,0.0,0,0,0,2026-09-02 11:35:42.790
1524,169561,45757,902,0,0,0,0,1,2.0,6,0,0,2026-09-02 11:35:42.803
1525,169561,45764,902,0,4,0,0,3,2.0,5,0,0,2026-09-02 11:35:42.857
1526,169561,1457999,902,0,0,0,0,4,2.0,6,0,0,2026-09-02 11:35:42.880
1527,169561,45750,902,0,0,0,0,0,1.1,5,0,0,2026-09-02 11:35:42.900
1528,169561,1458012,902,0,0,0,0,0,1.0,8,0,0,2026-09-02 11:35:42.900
1529,169561,1458021,902,9,12,1,0,0,0.0,0,0,0,2026-09-02 11:35:42.910
1530,169561,1463548,902,13,12,2,0,0,0.0,0,0,0,2026-09-02 11:35:42.937
1531,169561,1457979,902,11,8,0,1,0,0.0,0,0,0,2026-09-02 11:35:42.947
1532,169561,1457990,902,0,0,0,0,0,0.0,0,0,0,2026-09-02 11:35:42.970
1533,169561,45754,902,0,0,0,0,0,0.0,0,0,0,2026-09-02 11:35:42.983
1534,169561,1458008,902,0,0,0,0,0,0.0,0,0,0,2026-09-02 11:35:43.020
1535,154474,9394,1978,0,1,0,0,1,3.0,19,0,0,2026-09-02 11:35:45.557
1536,154474,12674,1978,26,24,1,1,0,0.0,0,0,0,2026-09-02 11:35:45.593
1537,154474,14811,1978,27,23,3,1,0,0.0,0,0,0,2026-09-02 11:35:45.593
1538,154474,41113,1978,7,11,0,0,0,0.0,0,0,0,2026-09-02 11:35:45.597
1539,154474,6692,1978,56,37,3,4,0,0.0,0,0,0,2026-09-02 11:35:45.627
1540,154474,11186,1978,7,8,0,0,2,4.0,23,0,0,2026-09-02 11:35:45.630
1541,154474,11223,1978,19,16,2,0,0,0.0,0,0,0,2026-09-02 11:35:45.697
1542,154474,15810,1978,0,0,0,0,3,3.0,18,0,0,2026-09-02 11:35:45.723
1543,154474,41169,1978,0,0,0,0,2,4.0,36,0,0,2026-09-02 11:35:45.727
1544,154474,11220,1978,0,0,0,0,2,2.0,12,0,0,2026-09-02 11:35:45.753
1545,154474,15817,1978,0,0,0,0,0,2.0,13,0,0,2026-09-02 11:35:45.780
1546,154474,13162,262,9,11,0,0,1,4.0,40,0,0,2026-09-02 11:35:45.807
1547,154474,10162,262,9,9,1,0,0,4.0,17,0,0,2026-09-02 11:35:45.807
1548,154474,9793,262,2,2,0,0,1,4.0,25,0,0,2026-09-02 11:35:45.820
1549,154474,12071,262,5,5,1,0,2,4.0,32,0,0,2026-09-02 11:35:45.837
1550,154474,15818,262,0,1,0,0,1,4.0,34,0,0,2026-09-02 11:35:45.837
1551,154474,1467475,262,17,10,1,2,0,0.0,0,0,0,2026-09-02 11:35:45.840
1552,154474,1478611,262,7,14,1,0,0,0.0,0,0,0,2026-09-02 11:35:45.843
1553,154474,8520,262,16,13,1,1,0,0.0,0,0,0,2026-09-02 11:35:45.857
1554,154474,23301,262,27,26,4,0,0,0.0,0,0,0,2026-09-02 11:35:45.860
1555,154474,15807,262,22,16,2,0,0,0.0,0,0,0,2026-09-02 11:35:45.860
1556,154474,13748,262,0,1,0,0,0,0.0,0,0,0,2026-09-02 11:35:45.877
1557,169203,54518,2601,30,19,6,0,0,0.0,0,0,0,2026-09-02 11:35:48.563
1558,169203,14532,2601,42,19,5,2,0,0.0,0,0,0,2026-09-02 11:35:48.597
1559,169203,12341,2601,12,9,0,1,0,1.0,6,0,0,2026-09-02 11:35:48.613
1560,169203,1459078,2601,14,6,0,2,0,0.0,0,0,0,2026-09-02 11:35:48.633
1561,169203,1459089,2601,4,2,1,0,0,0.0,0,0,0,2026-09-02 11:35:48.637
1562,169203,1459123,2601,3,3,0,0,0,0.0,0,0,0,2026-09-02 11:35:48.637
1563,169203,14163,2601,2,3,0,0,1,2.0,20,0,0,2026-09-02 11:35:48.660
1564,169203,1459068,2601,0,0,0,0,0,0.0,0,0,0,2026-09-02 11:35:48.663
1565,169203,1459064,2601,0,0,0,0,1,2.0,19,0,0,2026-09-02 11:35:48.663
1566,169203,1455394,2601,0,0,0,0,1,2.0,33,0,0,2026-09-02 11:35:48.667
1567,169203,22401,2601,0,0,0,0,1,2.0,15,0,0,2026-09-02 11:35:48.710
1568,169203,13252,2645,1,1,0,0,0,1.0,10,0,0,2026-09-02 11:35:48.727
1569,169203,9507,2645,6,2,0,1,0,2.0,29,0,0,2026-09-02 11:35:48.753
1570,169203,1459321,2645,0,0,0,0,1,2.0,23,0,0,2026-09-02 11:35:48.757
1571,169203,1460806,2645,0,0,0,0,0,1.0,17,0,0,2026-09-02 11:35:48.760
1572,169203,1448289,2645,0,0,0,0,2,2.0,9,0,0,2026-09-02 11:35:48.790
1573,169203,1459299,2645,0,0,0,0,2,2.0,28,0,0,2026-09-02 11:35:48.793
1574,169203,1477817,2645,39,22,3,2,0,0.0,0,0,0,2026-09-02 11:35:48.817
1575,169203,14079,2645,17,7,2,1,0,0.0,0,0,0,2026-09-02 11:35:48.837
1576,169203,13135,2645,15,9,3,0,0,0.0,0,0,0,2026-09-02 11:35:48.840
1577,169203,24256,2645,4,7,0,0,0,0.0,0,0,0,2026-09-02 11:35:48.853
1578,169203,1477807,2645,10,8,0,1,0,0.0,0,0,0,2026-09-02 11:35:48.910
1579,169203,15718,2645,8,4,0,1,0,0.0,0,0,0,2026-09-02 11:35:48.910
1580,169203,1459090,2601,0,0,0,0,1,1.0,10,0,0,2026-09-02 11:35:49.350
1581,170663,14273,288,1,6,0,0,0,3.0,29,0,0,2026-09-02 11:35:52.213
1582,170663,13281,288,30,56,4,0,0,0.0,0,0,0,2026-09-02 11:35:52.263
1583,170663,14211,288,0,5,0,0,0,0.0,0,0,0,2026-09-02 11:35:52.300
1584,170663,9870,288,8,11,1,0,0,0.0,0,0,0,2026-09-02 11:35:52.357
1585,170663,12174,288,18,42,3,0,0,0.0,0,0,0,2026-09-02 11:35:52.390
1586,170663,11984,288,6,28,1,0,0,7.0,31,0,0,2026-09-02 11:35:52.417
1587,170663,12081,288,13,8,2,0,1,31.0,152,0,0,2026-09-02 11:35:52.420
1588,170663,15535,288,2,15,0,0,0,42.0,215,0,0,2026-09-02 11:35:52.423
1589,170663,25737,288,19,15,1,1,3,23.0,98,0,0,2026-09-02 11:35:52.463
1590,170663,1448101,288,4,5,1,0,1,20.4,94,0,0,2026-09-02 11:35:52.517
1591,170663,51910,288,4,3,1,0,0,4.0,15,0,0,2026-09-02 11:35:52.577
1592,170663,24546,268,0,0,0,0,3,9.0,19,0,0,2026-09-02 11:35:52.610
1593,170663,10679,268,0,0,0,0,3,10.0,40,0,0,2026-09-02 11:35:52.627
1594,170663,13320,268,4,6,1,0,1,7.2,29,0,0,2026-09-02 11:35:52.637
1595,170663,14566,268,43,79,5,2,3,6.0,18,0,0,2026-09-02 11:35:52.650
1596,170663,10798,268,0,0,0,0,3,4.3,6,0,0,2026-09-02 11:35:52.660
1597,170663,18142,268,0,4,0,0,0,0.0,0,0,0,2026-09-02 11:35:52.663
1598,170663,10687,268,10,22,2,0,0,0.0,0,0,0,2026-09-02 11:35:52.663
1599,170663,10973,268,78,125,10,1,0,0.0,0,0,0,2026-09-02 11:35:52.663
1600,170663,12188,268,256,237,24,7,0,0.0,0,0,0,2026-09-02 11:35:52.667
1601,170663,13667,268,200,263,15,5,0,0.0,0,0,0,2026-09-02 11:35:52.667
1602,170663,22051,268,38,49,4,0,0,0.0,0,0,0,2026-09-02 11:35:52.667
1603,170663,15273,288,0,0,0,0,0,0.0,0,0,0,2026-09-02 11:35:53.720
1604,163017,13940,2,45,53,9,0,0,1.0,9,0,0,2026-09-02 11:35:56.037
1605,163017,8733,2,18,33,2,1,0,0.0,0,0,0,2026-09-02 11:35:56.060
1606,163017,13088,2,117,193,12,0,0,0.0,0,0,0,2026-09-02 11:35:56.077
1607,163017,11808,2,50,108,6,0,0,2.0,8,0,0,2026-09-02 11:35:56.090
1608,163017,10744,2,63,89,6,2,0,0.0,0,0,0,2026-09-02 11:35:56.093
1609,163017,587,2,43,83,4,0,3,38.3,94,0,0,2026-09-02 11:35:56.110
1610,163017,14691,2,115,177,9,2,0,1.0,1,0,0,2026-09-02 11:35:56.120
1611,163017,10285,2,6,8,1,0,1,37.0,98,0,0,2026-09-02 11:35:56.123
1612,163017,14596,2,18,51,2,0,3,41.0,121,0,0,2026-09-02 11:35:56.127
1613,163017,10808,2,3,29,0,0,1,15.0,26,0,0,2026-09-02 11:35:56.140
1614,163017,10551,2,4,7,1,0,1,18.3,57,0,0,2026-09-02 11:35:56.167
1615,163017,10938,5,0,24,0,0,4,29.0,106,0,0,2026-09-02 11:35:56.177
1616,163017,10928,5,12,90,1,0,1,20.0,68,0,0,2026-09-02 11:35:56.190
1617,163017,11498,5,2,28,0,0,2,42.0,132,0,0,2026-09-02 11:35:56.213
1618,163017,1473644,5,46,150,4,0,2,38.0,154,0,0,2026-09-02 11:35:56.230
1619,163017,13930,5,133,264,8,2,0,3.0,8,0,0,2026-09-02 11:35:56.243
1620,163017,7872,5,23,44,1,1,0,2.0,8,0,0,2026-09-02 11:35:56.267
1621,163017,13886,5,32,39,3,1,0,4.0,16,0,0,2026-09-02 11:35:56.267
1622,163017,15586,5,3,15,0,0,0,0.0,0,0,0,2026-09-02 11:35:56.300
1623,163017,13884,5,92,173,10,1,0,0.0,0,0,0,2026-09-02 11:35:56.373
1624,163017,10940,5,55,92,2,3,0,0.0,0,0,0,2026-09-02 11:35:56.387
1625,163017,7884,5,6,12,1,0,0,0.0,0,0,0,2026-09-02 11:35:56.450
1626,163027,9716,235,15,20,2,0,0,0.0,0,0,0,2026-09-02 11:35:59.103
1627,163027,51791,235,8,6,2,0,2,3.0,11,0,0,2026-09-02 11:35:59.133
1628,163027,15779,235,55,65,9,0,0,0.0,0,0,0,2026-09-02 11:35:59.157
1629,163027,18133,235,146,185,25,1,0,0.0,0,0,0,2026-09-02 11:35:59.180
1630,163027,10213,235,2,7,0,0,0,0.0,0,0,0,2026-09-02 11:35:59.203
1631,163027,10276,235,4,9,1,0,0,0.0,0,0,0,2026-09-02 11:35:59.250
1632,163027,14606,235,167,244,17,4,1,15.0,53,0,0,2026-09-02 11:35:59.263
1633,163027,12344,235,37,97,2,0,5,15.0,37,0,0,2026-09-02 11:35:59.283
1634,163027,7909,235,11,19,1,0,0,5.0,10,0,0,2026-09-02 11:35:59.287
1635,163027,10754,235,7,8,1,0,1,6.0,8,0,0,2026-09-02 11:35:59.287
1636,163027,10252,235,9,17,2,0,1,6.0,22,0,0,2026-09-02 11:35:59.310
1637,163027,15485,1146,27,50,3,0,3,26.0,102,0,0,2026-09-02 11:35:59.343
1638,163027,14136,1146,1,4,0,0,2,15.0,92,0,0,2026-09-02 11:35:59.367
1639,163027,34450,1146,39,75,4,2,3,22.0,64,0,0,2026-09-02 11:35:59.390
1640,163027,14114,1146,4,3,1,0,0,20.0,94,0,0,2026-09-02 11:35:59.413
1641,163027,9700,1146,1,5,0,0,1,21.0,78,0,0,2026-09-02 11:35:59.420
1642,163027,14074,1146,3,18,0,0,1,8.5,33,0,0,2026-09-02 11:35:59.440
1643,163027,21708,1146,9,44,1,0,0,0.0,0,0,0,2026-09-02 11:35:59.477
1644,163027,10237,1146,1,3,0,0,0,0.0,0,0,0,2026-09-02 11:35:59.513
1645,163027,14101,1146,20,40,5,0,0,0.0,0,0,0,2026-09-02 11:35:59.530
1646,163027,21711,1146,25,40,2,1,0,0.0,0,0,0,2026-09-02 11:35:59.550
1647,163027,14140,1146,11,18,2,0,0,0.0,0,0,0,2026-09-02 11:35:59.610
1648,163031,14467,233,16,15,3,0,0,0.0,0,0,0,2026-09-02 11:36:02.857
1649,163031,22556,233,0,5,0,0,0,0.0,0,0,0,2026-09-02 11:36:02.877
1650,163031,1449529,233,13,18,1,0,0,0.0,0,0,0,2026-09-02 11:36:02.877
1651,163031,13907,233,50,62,6,0,0,1.0,6,0,0,2026-09-02 11:36:02.880
1652,163031,14628,233,30,34,3,1,0,1.0,12,0,0,2026-09-02 11:36:02.897
1653,163031,14507,233,25,53,0,1,0,0.0,0,0,0,2026-09-02 11:36:02.917
1654,163031,22576,233,44,71,3,1,2,15.3,59,0,0,2026-09-02 11:36:02.933
1655,163031,15528,233,4,8,1,0,4,22.0,60,0,0,2026-09-02 11:36:02.933
1656,163031,14598,233,22,28,0,3,1,8.0,37,0,0,2026-09-02 11:36:02.950
1657,163031,13217,233,12,9,1,1,1,7.0,40,0,0,2026-09-02 11:36:02.950
1658,163031,33127,233,0,3,0,0,1,4.0,23,0,0,2026-09-02 11:36:02.950
1659,163031,13216,234,0,3,0,0,4,14.0,46,0,0,2026-09-02 11:36:02.957
1660,163031,13184,234,0,3,0,0,0,4.0,12,0,0,2026-09-02 11:36:02.970
1661,163031,8683,234,0,0,0,0,0,3.0,20,0,0,2026-09-02 11:36:02.973
1662,163031,11307,234,5,18,0,0,0,8.0,36,0,0,2026-09-02 11:36:02.973
1663,163031,13496,234,2,15,0,0,4,17.0,78,0,0,2026-09-02 11:36:02.977
1664,163031,12094,234,6,30,1,0,0,0.0,0,0,0,2026-09-02 11:36:02.980
1665,163031,12088,234,2,5,0,0,0,0.0,0,0,0,2026-09-02 11:36:02.983
1666,163031,27424,234,96,126,8,2,2,5.0,24,0,0,2026-09-02 11:36:02.983
1667,163031,14408,234,27,41,4,0,0,0.0,0,0,0,2026-09-02 11:36:03.000
1668,163031,11813,234,66,70,7,0,0,0.0,0,0,0,2026-09-02 11:36:03.000
1669,163031,13476,234,25,35,4,0,0,0.0,0,0,0,2026-09-02 11:36:03.003
1670,148327,9868,6,1,3,0,0,0,0.0,0,0,0,2026-09-02 11:36:05.913
1671,148327,14205,6,9,34,1,0,0,0.0,0,0,0,2026-09-02 11:36:05.943
1672,148327,8219,6,0,1,0,0,0,0.0,0,0,0,2026-09-02 11:36:05.950
1673,148327,9864,6,31,46,6,0,0,0.0,0,0,0,2026-09-02 11:36:05.980
1674,148327,394,6,29,80,3,0,0,0.0,0,0,0,2026-09-02 11:36:06.017
1675,148327,8540,6,0,10,0,0,0,0.0,0,0,0,2026-09-02 11:36:06.053
1676,148327,11081,6,1,11,0,0,1,2.0,4,0,0,2026-09-02 11:36:06.093
1677,148327,13226,6,2,11,0,0,0,14.0,67,0,0,2026-09-02 11:36:06.130
1678,148327,8253,6,7,24,0,0,1,9.3,17,0,0,2026-09-02 11:36:06.130
1679,148327,8548,6,8,11,0,1,1,12.0,58,0,0,2026-09-02 11:36:06.133
1680,148327,13791,6,0,2,0,0,7,15.0,48,0,0,2026-09-02 11:36:06.167
1681,148327,7710,4,1,6,0,0,4,10.0,39,0,0,2026-09-02 11:36:06.180
1682,148327,6258,4,6,18,1,0,0,7.0,16,0,0,2026-09-02 11:36:06.183
1683,148327,8095,4,0,2,0,0,3,10.0,10,0,0,2026-09-02 11:36:06.217
1684,148327,8646,4,0,1,0,0,0,3.0,8,0,0,2026-09-02 11:36:06.220
1685,148327,8497,4,22,27,4,0,0,0.0,0,0,0,2026-09-02 11:36:06.230
1686,148327,10055,4,8,10,1,0,0,0.0,0,0,0,2026-09-02 11:36:06.233
1687,148327,10182,4,4,9,1,0,0,0.0,0,0,0,2026-09-02 11:36:06.237
1688,148327,2250,4,42,74,6,0,0,0.0,0,0,0,2026-09-02 11:36:06.240
1689,148327,12225,4,67,105,10,0,0,0.0,0,0,0,2026-09-02 11:36:06.267
1690,148327,9200,4,5,8,0,0,0,0.0,0,0,0,2026-09-02 11:36:06.290
1691,148327,7850,4,32,62,4,1,3,11.3,25,0,0,2026-09-02 11:36:06.403
